Repo,Component ID,Component Size,Nodes,First Node Creation,Last Node Update,Delta,Average Conversation Span Duration
fantasyland/fantasy-land,22611,139,[327, 1, 2, 3, 4, 7, 11, 12, 13, 14, 16, 20, 21, 23, 24, 25, 30, 31, 33, 50, 52, 53, 56, 60, 61, 62, 66, 68, 73, 82, 85, 86, 88, 90, 91, 92, 96, 97, 102, 103, 117, 118, 119, 120, 122, 124, 128, 130, 131, 132, 133, 134, 135, 136, 137, 138, 141, 144, 145, 146, 147, 149, 150, 151, 152, 154, 157, 158, 160, 162, 163, 164, 168, 169, 170, 171, 172, 173, 174, 176, 177, 179, 180, 181, 184, 185, 186, 187, 188, 192, 193, 194, 195, 197, 199, 200, 201, 203, 205, 206, 207, 213, 214, 219, 220, 221, 222, 223, 224, 228, 229, 233, 235, 236, 239, 240, 241, 242, 244, 250, 259, 261, 273, 274, 276, 278, 280, 281, 283, 284, 285, 286, 290, 291, 298, 310, 315, 317, 320],1365761938,1594482336,228720398,35081616
rematch/rematch,51920,24,[922, 896, 897, 898, 899, 900, 901, 902, 903, 906, 907, 908, 912, 913, 689, 870, 874, 877, 880, 889, 892, 893, 894, 895],1570611644,1622334373,51722729,6334888
rematch/rematch,51982,68,[824, 769, 393, 395, 396, 270, 399, 400, 787, 788, 404, 403, 663, 792, 276, 409, 283, 284, 797, 413, 799, 800, 801, 415, 803, 420, 811, 812, 557, 558, 428, 816, 817, 818, 819, 302, 821, 309, 310, 440, 441, 443, 439, 446, 447, 450, 578, 720, 464, 465, 467, 472, 473, 474, 736, 353, 483, 376, 486, 359, 360, 488, 363, 374, 759, 760, 761, 381],1520694447,1528974436,8279989,13535694
rematch/rematch,52185,23,[561, 266, 280, 293, 306, 312, 320, 323, 343, 348, 226, 231, 236, 237, 239, 240, 243, 244, 245, 246, 250, 251, 254],1519865884,1523154115,3288231,15567580
kubernetes-sigs/kustomize,29302,1268,[4709, 1, 2, 3, 13, 17, 18, 19, 22, 32, 38, 42, 50, 54, 55, 65, 70, 81, 85, 86, 89, 91, 97, 105, 107, 109, 119, 122, 125, 126, 131, 133, 134, 135, 136, 140, 141, 143, 146, 147, 154, 156, 157, 159, 160, 164, 165, 166, 168, 169, 173, 177, 181, 183, 185, 186, 187, 189, 202, 204, 207, 210, 211, 217, 218, 219, 226, 227, 229, 230, 233, 234, 236, 237, 245, 248, 254, 259, 260, 261, 262, 264, 267, 273, 275, 279, 286, 288, 291, 295, 298, 300, 301, 304, 305, 306, 307, 309, 316, 318, 319, 322, 323, 324, 327, 330, 334, 347, 350, 353, 354, 358, 359, 360, 362, 363, 365, 370, 388, 401, 409, 412, 413, 414, 459, 464, 476, 477, 479, 480, 483, 486, 489, 493, 494, 497, 498, 499, 501, 504, 506, 511, 519, 525, 526, 529, 531, 547, 549, 552, 554, 557, 559, 561, 562, 567, 578, 579, 584, 585, 586, 590, 592, 594, 596, 597, 598, 601, 603, 605, 606, 610, 612, 617, 623, 624, 627, 631, 633, 634, 641, 649, 652, 662, 669, 670, 673, 677, 680, 681, 682, 683, 685, 687, 691, 692, 693, 694, 700, 703, 706, 710, 714, 718, 720, 727, 731, 741, 742, 746, 747, 749, 750, 752, 753, 755, 756, 758, 759, 760, 761, 763, 764, 766, 774, 776, 779, 780, 782, 792, 797, 798, 800, 805, 815, 817, 821, 822, 824, 833, 836, 839, 841, 845, 847, 850, 851, 857, 864, 865, 868, 878, 881, 882, 883, 885, 887, 888, 890, 891, 892, 894, 896, 897, 898, 903, 904, 909, 910, 911, 913, 914, 916, 917, 921, 923, 928, 929, 932, 935, 937, 939, 942, 943, 947, 952, 956, 960, 964, 967, 970, 971, 972, 973, 975, 976, 977, 978, 981, 985, 986, 987, 988, 991, 995, 996, 998, 1009, 1013, 1028, 1037, 1038, 1041, 1044, 1069, 1074, 1082, 1083, 1104, 1106, 1111, 1113, 1120, 1127, 1132, 1142, 1146, 1147, 1151, 1152, 1154, 1155, 1157, 1166, 1167, 1168, 1171, 1179, 1183, 1184, 1185, 1190, 1203, 1206, 1208, 1216, 1217, 1218, 1219, 1220, 1221, 1230, 1232, 1233, 1243, 1244, 1248, 1249, 1250, 1251, 1252, 1253, 1258, 1264, 1266, 1267, 1268, 1271, 1272, 1278, 1279, 1280, 1282, 1283, 1284, 1286, 1289, 1290, 1291, 1292, 1295, 1297, 1298, 1299, 1301, 1302, 1304, 1310, 1316, 1317, 1321, 1323, 1325, 1326, 1327, 1328, 1330, 1332, 1339, 1342, 1344, 1345, 1346, 1351, 1352, 1355, 1357, 1358, 1359, 1363, 1366, 1367, 1368, 1369, 1370, 1371, 1372, 1377, 1378, 1379, 1380, 1387, 1390, 1391, 1400, 1404, 1405, 1406, 1407, 1417, 1424, 1431, 1436, 1437, 1451, 1452, 1459, 1482, 1485, 1488, 1491, 1493, 1497, 1500, 1504, 1508, 1510, 1522, 1523, 1526, 1529, 1531, 1532, 1534, 1535, 1540, 1545, 1551, 1553, 1555, 1556, 1567, 1568, 1569, 1580, 1585, 1592, 1594, 1600, 1609, 1615, 1619, 1620, 1626, 1627, 1631, 1634, 1637, 1641, 1646, 1647, 1648, 1652, 1666, 1683, 1685, 1697, 1700, 1710, 1713, 1721, 1733, 1734, 1735, 1736, 1737, 1738, 1747, 1749, 1756, 1770, 1772, 1782, 1785, 1787, 1794, 1804, 1809, 1816, 1820, 1822, 1823, 1835, 1839, 1859, 1887, 1893, 1901, 1902, 1904, 1910, 1911, 1917, 1918, 1956, 1962, 1966, 1992, 1993, 1995, 2034, 2037, 2052, 2056, 2068, 2071, 2072, 2073, 2080, 2105, 2156, 2161, 2167, 2168, 2169, 2179, 2180, 2182, 2190, 2192, 2204, 2205, 2217, 2243, 2255, 2256, 2259, 2260, 2263, 2264, 2273, 2275, 2278, 2280, 2281, 2288, 2290, 2294, 2297, 2298, 2299, 2301, 2305, 2312, 2339, 2340, 2349, 2352, 2356, 2357, 2360, 2373, 2378, 2380, 2389, 2417, 2422, 2438, 2444, 2459, 2460, 2465, 2467, 2492, 2494, 2500, 2506, 2512, 2525, 2537, 2538, 2546, 2548, 2563, 2564, 2575, 2579, 2585, 2588, 2607, 2609, 2610, 2616, 2626, 2635, 2639, 2640, 2643, 2651, 2663, 2668, 2669, 2670, 2675, 2678, 2679, 2694, 2697, 2704, 2713, 2717, 2721, 2726, 2732, 2734, 2735, 2737, 2739, 2740, 2744, 2748, 2750, 2752, 2754, 2755, 2756, 2758, 2767, 2776, 2777, 2791, 2796, 2805, 2808, 2809, 2810, 2812, 2813, 2819, 2820, 2821, 2822, 2824, 2825, 2829, 2831, 2832, 2833, 2842, 2847, 2861, 2869, 2870, 2876, 2877, 2880, 2886, 2893, 2894, 2906, 2907, 2915, 2924, 2931, 2934, 2937, 2950, 2961, 2968, 2970, 2978, 2987, 2995, 3000, 3004, 3009, 3021, 3027, 3031, 3033, 3043, 3047, 3048, 3059, 3061, 3062, 3063, 3065, 3070, 3073, 3075, 3090, 3091, 3098, 3102, 3109, 3111, 3116, 3117, 3118, 3122, 3123, 3125, 3127, 3129, 3136, 3137, 3142, 3144, 3148, 3157, 3158, 3159, 3167, 3170, 3172, 3173, 3175, 3176, 3177, 3182, 3183, 3188, 3191, 3195, 3197, 3200, 3201, 3204, 3205, 3206, 3207, 3228, 3231, 3233, 3239, 3241, 3244, 3246, 3247, 3248, 3253, 3257, 3260, 3261, 3262, 3263, 3264, 3265, 3269, 3271, 3274, 3279, 3280, 3286, 3291, 3295, 3296, 3297, 3299, 3302, 3303, 3304, 3305, 3312, 3315, 3316, 3321, 3324, 3329, 3335, 3336, 3337, 3343, 3345, 3352, 3353, 3358, 3364, 3365, 3368, 3370, 3372, 3379, 3381, 3382, 3383, 3384, 3385, 3387, 3392, 3393, 3394, 3395, 3396, 3397, 3398, 3401, 3412, 3417, 3418, 3421, 3424, 3425, 3426, 3427, 3428, 3429, 3430, 3432, 3433, 3436, 3437, 3438, 3440, 3441, 3446, 3449, 3451, 3452, 3453, 3455, 3458, 3460, 3461, 3464, 3469, 3472, 3473, 3479, 3485, 3486, 3489, 3491, 3492, 3493, 3497, 3500, 3502, 3505, 3512, 3518, 3521, 3525, 3528, 3529, 3532, 3536, 3548, 3549, 3556, 3559, 3568, 3578, 3585, 3586, 3588, 3589, 3598, 3601, 3605, 3610, 3614, 3617, 3625, 3626, 3630, 3639, 3640, 3644, 3647, 3655, 3659, 3661, 3663, 3664, 3665, 3666, 3667, 3668, 3669, 3670, 3671, 3672, 3675, 3679, 3688, 3692, 3694, 3698, 3700, 3705, 3709, 3710, 3711, 3715, 3716, 3718, 3721, 3722, 3726, 3727, 3735, 3737, 3741, 3743, 3745, 3746, 3747, 3756, 3758, 3761, 3771, 3772, 3773, 3778, 3779, 3782, 3784, 3787, 3789, 3794, 3803, 3812, 3815, 3816, 3819, 3823, 3824, 3825, 3827, 3829, 3830, 3831, 3832, 3833, 3838, 3842, 3845, 3849, 3852, 3873, 3879, 3885, 3886, 3888, 3891, 3896, 3898, 3912, 3913, 3914, 3915, 3924, 3926, 3934, 3942, 3944, 3945, 3946, 3947, 3952, 3953, 3956, 3961, 3963, 3965, 3969, 3970, 3973, 3974, 3975, 3976, 3978, 3979, 3980, 3982, 3986, 3994, 3995, 3997, 3999, 4001, 4002, 4004, 4009, 4011, 4012, 4013, 4017, 4019, 4024, 4026, 4027, 4028, 4029, 4030, 4031, 4033, 4034, 4039, 4041, 4042, 4043, 4044, 4045, 4046, 4048, 4049, 4053, 4054, 4055, 4059, 4061, 4065, 4074, 4075, 4078, 4079, 4080, 4085, 4086, 4088, 4090, 4091, 4093, 4094, 4095, 4097, 4099, 4100, 4102, 4103, 4108, 4114, 4115, 4117, 4120, 4121, 4123, 4125, 4126, 4129, 4132, 4133, 4135, 4140, 4142, 4144, 4147, 4152, 4154, 4166, 4170, 4175, 4176, 4187, 4190, 4191, 4202, 4212, 4213, 4215, 4219, 4220, 4222, 4223, 4224, 4227, 4229, 4231, 4232, 4237, 4238, 4239, 4244, 4245, 4248, 4249, 4250, 4251, 4252, 4253, 4254, 4256, 4258, 4259, 4262, 4264, 4269, 4275, 4278, 4279, 4280, 4286, 4288, 4290, 4292, 4296, 4300, 4303, 4304, 4305, 4308, 4311, 4323, 4324, 4326, 4333, 4334, 4335, 4337, 4338, 4340, 4345, 4346, 4347, 4348, 4350, 4351, 4353, 4359, 4360, 4365, 4366, 4381, 4383, 4386, 4389, 4391, 4392, 4394, 4396, 4400, 4401, 4402, 4403, 4404, 4414, 4416, 4419, 4421, 4424, 4427, 4430, 4432, 4435, 4436, 4437, 4451, 4453, 4454, 4455, 4456, 4457, 4459, 4460, 4461, 4464, 4469, 4472, 4474, 4475, 4476, 4483, 4489, 4491, 4497, 4498, 4500, 4502, 4503, 4504, 4506, 4508, 4509, 4512, 4516, 4517, 4518, 4519, 4523, 4524, 4537, 4542, 4557, 4558, 4559, 4560, 4561, 4562, 4564, 4565, 4566, 4567, 4568, 4569, 4571, 4572, 4574, 4577, 4579, 4582, 4583, 4586, 4588, 4590, 4593, 4594, 4604, 4605, 4606, 4607, 4608, 4611, 4614, 4615, 4620, 4622, 4623, 4624, 4628, 4633, 4634, 4639, 4640, 4648, 4652, 4654, 4658, 4661, 4664, 4666, 4667, 4668, 4669, 4671, 4677, 4679, 4682, 4683, 4686, 4691, 4694, 4700, 4701, 4702, 4703],1526100096,1657611847,131511751,17190101
jupyterhub/jupyterhub,26635,176,[3976, 2049, 3075, 2566, 3592, 2569, 3082, 2570, 2572, 2568, 2066, 2584, 2855, 2089, 1581, 3120, 1585, 2610, 3121, 3636, 3638, 3639, 1082, 3133, 3134, 3649, 3654, 1611, 3151, 3671, 3164, 3167, 3168, 2154, 3703, 3191, 3705, 3195, 3708, 3713, 3714, 3716, 3717, 3718, 3719, 3720, 3721, 3722, 3723, 2692, 3208, 3727, 3728, 3730, 3731, 3733, 3734, 3735, 2204, 3745, 3236, 2724, 2735, 2238, 3785, 2761, 2763, 3788, 3790, 3797, 3802, 1243, 3297, 3298, 3809, 2788, 3815, 3307, 3822, 2799, 2798, 3825, 3826, 3827, 3828, 2293, 2294, 2295, 3832, 3833, 3834, 2298, 3837, 766, 2816, 2819, 2824, 2825, 2826, 2830, 3857, 2840, 3865, 3868, 2848, 2852, 3877, 3878, 2341, 3880, 3881, 2854, 2858, 2860, 2856, 3886, 3887, 2864, 3377, 3378, 3897, 3899, 1852, 1853, 1854, 1851, 3390, 1345, 1346, 2881, 3908, 2885, 2887, 2889, 2891, 3918, 3923, 341, 854, 3927, 855, 2905, 857, 2907, 2906, 343, 858, 2911, 1890, 2424, 379, 3968, 2435, 3972, 3973, 3974, 391, 2441, 2440, 1935, 1956, 1965, 942, 1966, 2500, 3012, 3019, 2001, 3540, 3548, 3037, 3045, 2545, 2549, 2552, 2555],1447805711,1653254180,205448469,20501816
jupyterhub/jupyterhub,26697,66,[3885, 2944, 1, 2, 2947, 1538, 1801, 2954, 1291, 1932, 1809, 2962, 1169, 2068, 3222, 2967, 3223, 2969, 2970, 2971, 3100, 2721, 2978, 2083, 2726, 686, 2993, 2995, 2936, 2745, 2749, 2750, 3522, 3139, 3398, 3015, 3403, 3020, 3405, 3021, 1616, 3025, 3026, 3413, 2389, 3416, 1753, 1754, 2525, 3039, 1633, 3427, 3301, 1639, 3177, 1770, 1643, 2926, 1775, 2928, 2929, 3699, 3700, 2680, 2297, 2043],1402704169,1602046770,199342601,32863292
jupyterhub/jupyterhub,26879,30,[3588, 3330, 2436, 3466, 3212, 3215, 3476, 1057, 2339, 3363, 3366, 3504, 3380, 3513, 1849, 3516, 3520, 3393, 2245, 3397, 2127, 3155, 3423, 3169, 3308, 3438, 3444, 3189, 3446, 3323],1491419231,1618263959,126844728,18368871
jupyterhub/jupyterhub,28074,21,[1876, 1026, 1797, 1804, 278, 1819, 797, 802, 1842, 569, 1856, 1858, 323, 1864, 720, 1106, 742, 1769, 1783, 1789, 1023],1438107352,1493440660,55333308,22504059
tristanhimmelman/ObjectMapper,61161,76,[1128, 384, 1, 2, 3, 4, 5, 6, 7, 8, 9, 10, 11, 12, 13, 14, 15, 16, 17, 18, 19, 20, 21, 22, 23, 24, 25, 26, 27, 28, 29, 30, 31, 32, 33, 34, 35, 36, 37, 38, 39, 40, 41, 42, 43, 44, 45, 46, 47, 48, 682, 51, 282, 56, 57, 668, 448, 71, 294, 76, 462, 592, 209, 594, 780, 598, 474, 608, 1123, 612, 617, 364, 628, 762, 638, 383],1414190833,1475890411,61699578,53226073
apache/dubbo,8514,20,[10292, 6404, 9623, 9112, 10154, 8746, 8748, 8752, 8755, 8756, 3896, 9408, 10195, 10201, 9826, 1508, 10220, 10221, 10223, 10224],1522063215,1657117741,135054526,17124589
apache/dubbo,8558,63,[10232, 8707, 8837, 8711, 8327, 9737, 9617, 8725, 8985, 9115, 8993, 8098, 9127, 9000, 9001, 8234, 9003, 9516, 9002, 9129, 8109, 6833, 3510, 9015, 9014, 9016, 9145, 8120, 9148, 8765, 7741, 8768, 9033, 7754, 9034, 9161, 9164, 9165, 9168, 9182, 9183, 9184, 9185, 9186, 8675, 8676, 8677, 8805, 8679, 8681, 8682, 8683, 8686, 8689, 8946, 8949, 9079, 8954, 9083, 8956, 8701, 8702, 8703],1550658049,1631106275,80448226,5109173
apache/dubbo,8649,1293,[10092, 1, 2, 3, 4, 5, 6, 7, 8, 9, 10, 8220, 41, 59, 61, 74, 109, 8323, 146, 173, 195, 208, 221, 247, 257, 8451, 267, 274, 280, 291, 320, 8521, 8523, 362, 363, 390, 396, 459, 538, 560, 616, 619, 685, 693, 714, 732, 746, 755, 780, 797, 808, 865, 866, 874, 889, 895, 900, 936, 977, 983, 1009, 9257, 1089, 1094, 1155, 1256, 1289, 1293, 1297, 1306, 9509, 1364, 9558, 1376, 1433, 1442, 1449, 1456, 1466, 1485, 1492, 1497, 1524, 1641, 1652, 1654, 1665, 1722, 1752, 1755, 1763, 1770, 1820, 1829, 1834, 1837, 1841, 1843, 10083, 1896, 1903, 1917, 1932, 1967, 1975, 1990, 1998, 2013, 2029, 2030, 2033, 2045, 2049, 2063, 2069, 2085, 2088, 2092, 2104, 2114, 2117, 2118, 2119, 2126, 2131, 2160, 2178, 2187, 2194, 2199, 2203, 2208, 2210, 2213, 2220, 2235, 2251, 2256, 2297, 2298, 2301, 2326, 2334, 2350, 2357, 2372, 2423, 2435, 2436, 2457, 2459, 2468, 2476, 2477, 2491, 2511, 2519, 2522, 2525, 2535, 2538, 2539, 2545, 2560, 2563, 2564, 2565, 2577, 2600, 2602, 2603, 2604, 2619, 2620, 2621, 2624, 2626, 2631, 2649, 2655, 2656, 2657, 2663, 2665, 2672, 2675, 2676, 2687, 2711, 2721, 2725, 2734, 2744, 2764, 2766, 2779, 2787, 2795, 2801, 2809, 2827, 2828, 2842, 2843, 2854, 2855, 2856, 2864, 2884, 2893, 2905, 2921, 2923, 2925, 2935, 2952, 2956, 2959, 2963, 2967, 2977, 2981, 2984, 2991, 2992, 2993, 2994, 2995, 2996, 2997, 2998, 2999, 3000, 3001, 3002, 3003, 3004, 3015, 3016, 3017, 3021, 3025, 3026, 3027, 3029, 3038, 3039, 3043, 3065, 3069, 3070, 3073, 3075, 3076, 3080, 3086, 3087, 3090, 3093, 3094, 3095, 3096, 3098, 3099, 3100, 3101, 3103, 3104, 3105, 3106, 3107, 3108, 3109, 3110, 3111, 3112, 3113, 3115, 3118, 3119, 3120, 3121, 3122, 3123, 3124, 3127, 3128, 3129, 3133, 3135, 3137, 3138, 3140, 3141, 3143, 3146, 3151, 3152, 3153, 3156, 3157, 3158, 3159, 3161, 3162, 3163, 3166, 3167, 3169, 3170, 3171, 3173, 3174, 3177, 3179, 3180, 3181, 3182, 3183, 3184, 3185, 3186, 3189, 3192, 3193, 3194, 3196, 3197, 3199, 3202, 3205, 3207, 3210, 3211, 3213, 3217, 3218, 3222, 3224, 3225, 3226, 3227, 3229, 3230, 3231, 3232, 3233, 3234, 3235, 3236, 3237, 3239, 3240, 3241, 3242, 3243, 3244, 3246, 3247, 3249, 3252, 3254, 3255, 3257, 3263, 3264, 3266, 3270, 3271, 3274, 3275, 3276, 3278, 3280, 3281, 3282, 3284, 3285, 3287, 3288, 3289, 3291, 3293, 3294, 3295, 3297, 3299, 3300, 3301, 3302, 3303, 3304, 3307, 3309, 3311, 3312, 3315, 3316, 3317, 3318, 3322, 3323, 3326, 3327, 3328, 3331, 3333, 3336, 3337, 3339, 3340, 3341, 3342, 3345, 3346, 3348, 3349, 3350, 3351, 3353, 3354, 3360, 3361, 3362, 3363, 3364, 3365, 3366, 3367, 3370, 3374, 3375, 3376, 3377, 3378, 3380, 3382, 3383, 3386, 3387, 3389, 3390, 3393, 3396, 3397, 3398, 3399, 3402, 3403, 3404, 3407, 3408, 3410, 3412, 3414, 3415, 3418, 3419, 3420, 3421, 3423, 3424, 3425, 3426, 3427, 3429, 3430, 3431, 3435, 3437, 3439, 3440, 3441, 3444, 3445, 3446, 3447, 3448, 3449, 3451, 3453, 3455, 3456, 3460, 3463, 3466, 3467, 3470, 3471, 3473, 3474, 3476, 3477, 3478, 3479, 3480, 3483, 3484, 3485, 3487, 3490, 3491, 3494, 3495, 3496, 3497, 3500, 3502, 3505, 3506, 3507, 3508, 3511, 3513, 3514, 3515, 3516, 3518, 3519, 3520, 3523, 3524, 3525, 3526, 3527, 3528, 3530, 3532, 3533, 3536, 3537, 3541, 3542, 3544, 3547, 3548, 3549, 3550, 3551, 3556, 3557, 3559, 3563, 3565, 3566, 3567, 3568, 3569, 3570, 3572, 3573, 3574, 3576, 3577, 3578, 3579, 3581, 3582, 3583, 3584, 3589, 3590, 3593, 3597, 3598, 3600, 3602, 3603, 3605, 3606, 3607, 3608, 3609, 3614, 3615, 3620, 3621, 3622, 3625, 3626, 3628, 3632, 3633, 3634, 3636, 3637, 3638, 3639, 3640, 3642, 3643, 3644, 3645, 3646, 3647, 3650, 3653, 3654, 3655, 3656, 3657, 3658, 3660, 3661, 3662, 3663, 3664, 3666, 3668, 3669, 3670, 3671, 3672, 3673, 3675, 3678, 3679, 3680, 3681, 3682, 3684, 3685, 3688, 3690, 3692, 3693, 3696, 3698, 3703, 3704, 3706, 3707, 3708, 3713, 3714, 3716, 3717, 3718, 3720, 3721, 3722, 3723, 3724, 3727, 3728, 3730, 3731, 3734, 3735, 3737, 3738, 3741, 3742, 3743, 3744, 3746, 3747, 3748, 3750, 3756, 3758, 3762, 3763, 3764, 3767, 3768, 3770, 3771, 3773, 3775, 3778, 3779, 3782, 3783, 3784, 3785, 3786, 3790, 3791, 3792, 3795, 3797, 3799, 3802, 3803, 3804, 3806, 3807, 3808, 3809, 3810, 3811, 3812, 3816, 3817, 3818, 3820, 3821, 3822, 3823, 3824, 3825, 3828, 3829, 3834, 3836, 3839, 3840, 3841, 3843, 3844, 3845, 3846, 3847, 3850, 3853, 3854, 3857, 3862, 3863, 3865, 3866, 3867, 3869, 3872, 3874, 3880, 3882, 3885, 3886, 3890, 3893, 3902, 3906, 3918, 3920, 3921, 3923, 3926, 3927, 3930, 3931, 3933, 3935, 3937, 3940, 3941, 3943, 3948, 3951, 3952, 3953, 3957, 3958, 3959, 3960, 3961, 3963, 3965, 3966, 3967, 3968, 3969, 3970, 3971, 3975, 3976, 3977, 3978, 3980, 3981, 3987, 3988, 3989, 3991, 3993, 3996, 3997, 4006, 4007, 4010, 4011, 4013, 4014, 4015, 4017, 4019, 4020, 4021, 4022, 4023, 4024, 4025, 4026, 4027, 4029, 4030, 4031, 4035, 4038, 4040, 4045, 4049, 4052, 4053, 4056, 4057, 4058, 4059, 4060, 4064, 4065, 4067, 4068, 4069, 4071, 4072, 4075, 4077, 4078, 4079, 4081, 4083, 4085, 4087, 4088, 4092, 4095, 4096, 4098, 4099, 4100, 4101, 4106, 4107, 4108, 4109, 4110, 4111, 4112, 4114, 4116, 4125, 4126, 4127, 4129, 4130, 4131, 4132, 4134, 4135, 4137, 4138, 4144, 4147, 4148, 4149, 4150, 4152, 4154, 4155, 4157, 4158, 4159, 4161, 4162, 4164, 4165, 4170, 4171, 4172, 4175, 4178, 4179, 4180, 4181, 4183, 4185, 4186, 4187, 4189, 4190, 4201, 4202, 4204, 4205, 4208, 4213, 4214, 4215, 4218, 4219, 4220, 4221, 4222, 4226, 4227, 4228, 4231, 4233, 4234, 4236, 4240, 4242, 4244, 4245, 4246, 4247, 4254, 4255, 4257, 4259, 4260, 4263, 4266, 4276, 4277, 4279, 4293, 4294, 4299, 4300, 4306, 4308, 4313, 4318, 4319, 4325, 4328, 4329, 4330, 4334, 4335, 4336, 4337, 4338, 4339, 4343, 4344, 4346, 4347, 4348, 4349, 4354, 4357, 4358, 4359, 4360, 4368, 4370, 4372, 4374, 4375, 4376, 4377, 4378, 4379, 4380, 4381, 4384, 4385, 4386, 4387, 4388, 4392, 4394, 4395, 4396, 4398, 4400, 4401, 4402, 4403, 4406, 4407, 4408, 4409, 4411, 4413, 4415, 4416, 4417, 4419, 4424, 4425, 4426, 4430, 4434, 4435, 4436, 4438, 4439, 4441, 4443, 4447, 4448, 4453, 4454, 4455, 4458, 4461, 4464, 4465, 4467, 4469, 4470, 4471, 4473, 4476, 4477, 4479, 4480, 4483, 4485, 4488, 4490, 4491, 4492, 4495, 4497, 4498, 4499, 4500, 4501, 4502, 4503, 4504, 4505, 4508, 4509, 4510, 4511, 4513, 4514, 4515, 4517, 4521, 4522, 4523, 4529, 4530, 4534, 4535, 4536, 4537, 4538, 4539, 4551, 4552, 4558, 4559, 4560, 4561, 4563, 4565, 4566, 4567, 4568, 4569, 4570, 4571, 4574, 4575, 4577, 4579, 4580, 4582, 4583, 4584, 4585, 4586, 4587, 4588, 4589, 4590, 4591, 4598, 4599, 4602, 4605, 4607, 4611, 4612, 4613, 4614, 4619, 4623, 4624, 4628, 4629, 4632, 4634, 4635, 4636, 4638, 4644, 4645, 4647, 4648, 4649, 4652, 4655, 4657, 4663, 4667, 4670, 4672, 4673, 4674, 4680, 4721, 4735, 4742, 4754, 4805, 4816, 4826, 4836, 4861, 4862, 4867, 4894, 4931, 4933, 4975, 5031, 5033, 5082, 5083, 5104, 5105, 5181, 5184, 5189, 5237, 5238, 5257, 5281, 5298, 5303, 5304, 5379, 5396, 5399, 5490, 5552, 5557, 5566, 5572, 5575, 5578, 5616, 5619, 5623, 5633, 5638, 5639, 5640, 5641, 5654, 5657, 5667, 5669, 5671, 5678, 5682, 5684, 5686, 5692, 5694, 5695, 5703, 5710, 5731, 5755, 5787, 5790, 5801, 5803, 5813, 5814, 5818, 5819, 5823, 5848, 5856, 5943, 5961, 5966, 5967, 5968, 5976, 5985, 5987, 6000, 6001, 6018, 6022, 6023, 6029, 6030, 6035, 6036, 6039, 6067, 6079, 6090, 6091, 6092, 6102, 6108, 6110, 6132, 6139, 6140, 6149, 6166, 6223, 6320, 6327, 6343, 6377, 6401, 6444, 6474, 6479, 6490, 6523, 6529, 6532, 6543, 6550, 6551, 6555, 6561, 6566, 6568, 6571, 6576, 6594, 6597, 6604, 6621, 6628, 6650, 6667, 6669, 6675, 6676, 6684, 6698, 6706, 6708, 6709, 6722, 6728, 6741, 6777, 6778, 6779, 6780, 6784, 6785, 6786, 6790, 6791, 6793, 6800, 6801, 6805, 6807, 6842, 6854, 6878, 7003, 7053, 7075, 7116, 7124, 7365, 7375, 7376, 7377, 7383, 7402, 7403, 7405, 7412, 7413, 7414, 7497, 7598, 7868],1341413192,1622451575,281038383,15109486
apache/dubbo,8701,20,[10011, 8325, 9349, 6666, 8075, 6926, 7569, 8340, 6426, 8485, 9147, 9922, 9933, 5971, 5972, 5975, 5981, 5984, 8292, 8426],1586107123,1635487941,49380818,23151658
apache/dubbo,9857,31,[8329, 5891, 7044, 6535, 7950, 7054, 7186, 7322, 5531, 5532, 6567, 5673, 7081, 5674, 6959, 6583, 7736, 7737, 6586, 6720, 7109, 7245, 7120, 6746, 6887, 6888, 7019, 8172, 6766, 8188, 8189],1577200423,1626442714,49242291,19099164
apache/dubbo,10543,87,[7235, 1025, 1026, 1027, 1028, 1029, 1030, 1031, 1032, 1033, 1034, 1547, 1036, 1037, 1038, 1039, 1040, 1041, 16, 1552, 1559, 1048, 1560, 1564, 1565, 1057, 1571, 1576, 1582, 1072, 1586, 1592, 1593, 1599, 1539, 1095, 1542, 1622, 1545, 1119, 114, 1669, 1673, 667, 1198, 3250, 701, 1747, 747, 764, 777, 801, 1839, 1337, 843, 848, 1367, 1380, 1386, 1392, 1393, 1397, 1399, 1401, 897, 1415, 1417, 1418, 1931, 1422, 911, 915, 917, 918, 1429, 1438, 1460, 1462, 1463, 1478, 1481, 972, 466, 1001, 491, 1008, 1523],1383651884,1527961683,144309799,35792937
apache/dubbo,11250,21,[6230, 5889, 5892, 5899, 5902, 6161, 3861, 3868, 6053, 6013, 4275, 6077, 5442, 5955, 5956, 5964, 6229, 5983, 5871, 6010, 5885],1555063315,1599750415,44687100,17646075
apache/dubbo,11908,49,[5234, 2305, 519, 2184, 2185, 2183, 2451, 2452, 2197, 2453, 2455, 2206, 2218, 1968, 2225, 2231, 1978, 2237, 2110, 2499, 2500, 2502, 2125, 2254, 2255, 2259, 4694, 2262, 4696, 2137, 4698, 4699, 4700, 2138, 2017, 2402, 2146, 2018, 2273, 2023, 2024, 2153, 2283, 2162, 2166, 2167, 2173, 2046, 2303],1502725489,1568112357,65386868,18073268
apache/dubbo,12904,65,[3053, 2177, 1671, 1806, 1679, 1680, 1681, 1682, 1683, 2196, 1685, 1684, 1687, 2200, 1689, 1690, 1691, 1692, 2205, 1694, 1695, 1696, 1697, 1698, 1699, 1700, 1701, 1702, 1958, 1832, 1688, 2094, 1715, 1716, 1718, 1721, 1726, 2239, 1859, 1693, 1809, 1736, 1738, 1868, 1741, 1949, 1487, 2257, 2260, 2261, 2004, 2263, 1885, 1889, 1891, 2406, 1898, 2284, 2288, 1776, 1904, 1906, 2041, 2042, 1787],1521537385,1535986772,14449387,13075785
BurntSushi/toml,16104,30,[328, 137, 267, 269, 22, 23, 24, 281, 159, 160, 169, 54, 187, 61, 189, 63, 64, 192, 65, 193, 70, 327, 71, 74, 75, 76, 205, 213, 97, 235],1395430224,1576576041,181145817,90647773
chaijs/chai,17078,399,[1414, 2, 4, 5, 7, 16, 41, 56, 72, 78, 82, 94, 97, 117, 120, 124, 125, 139, 147, 149, 150, 154, 167, 193, 195, 218, 227, 228, 230, 239, 244, 246, 249, 264, 270, 272, 281, 285, 286, 297, 302, 304, 306, 321, 324, 326, 329, 330, 332, 337, 338, 339, 346, 355, 358, 363, 364, 366, 371, 377, 384, 390, 393, 394, 399, 407, 410, 415, 425, 426, 427, 428, 429, 430, 436, 440, 441, 445, 455, 457, 460, 464, 467, 469, 470, 472, 473, 475, 476, 491, 496, 498, 499, 501, 502, 503, 506, 507, 508, 509, 511, 514, 515, 518, 526, 528, 530, 531, 544, 549, 551, 552, 557, 558, 559, 562, 572, 574, 575, 576, 578, 585, 588, 589, 590, 594, 596, 601, 604, 605, 606, 607, 608, 610, 620, 621, 632, 633, 634, 635, 641, 642, 643, 644, 645, 646, 648, 654, 655, 659, 660, 661, 662, 665, 668, 669, 670, 672, 674, 675, 676, 677, 678, 680, 681, 682, 683, 684, 688, 689, 690, 691, 692, 693, 697, 700, 701, 702, 703, 706, 709, 710, 716, 717, 718, 721, 723, 724, 726, 727, 728, 736, 737, 739, 742, 743, 744, 745, 746, 751, 752, 756, 757, 758, 760, 761, 763, 765, 766, 768, 770, 771, 772, 773, 774, 775, 776, 780, 781, 782, 783, 784, 785, 787, 788, 789, 790, 791, 792, 793, 794, 795, 796, 797, 799, 800, 801, 804, 806, 807, 808, 810, 812, 814, 815, 816, 819, 820, 821, 824, 825, 827, 828, 829, 830, 837, 838, 840, 841, 844, 846, 852, 856, 858, 860, 862, 863, 867, 868, 870, 872, 875, 877, 878, 880, 881, 882, 884, 885, 887, 890, 891, 892, 893, 896, 897, 899, 900, 901, 902, 904, 905, 907, 909, 914, 916, 917, 918, 919, 920, 922, 923, 924, 925, 926, 929, 930, 932, 934, 938, 939, 940, 941, 945, 947, 951, 955, 956, 962, 963, 964, 966, 968, 969, 970, 971, 972, 978, 979, 980, 981, 985, 986, 988, 989, 990, 992, 993, 994, 996, 997, 998, 1000, 1004, 1008, 1009, 1010, 1011, 1012, 1014, 1015, 1016, 1019, 1021, 1024, 1042, 1046, 1051, 1052, 1055, 1056, 1060, 1065, 1070, 1071, 1079, 1083, 1084, 1085, 1086, 1089, 1090, 1096, 1097, 1103, 1108, 1109, 1110, 1118, 1120, 1124, 1127, 1128, 1132, 1137, 1146, 1150, 1153, 1159, 1166, 1188, 1237, 1240, 1254, 1259, 1260, 1261, 1310, 1405],1324152060,1647017824,322865764,41314838
mgonto/restangular,34680,38,[1452, 1, 1153, 266, 1294, 1295, 1296, 1298, 1300, 1301, 1302, 1304, 1305, 1433, 1306, 1308, 1307, 1184, 1314, 1443, 1315, 1318, 1319, 1320, 1323, 1202, 696, 1218, 969, 974, 337, 1244, 1251, 232, 889, 890, 891, 893],1365615123,1477619615,112004492,33817554
summernote/summernote,55495,49,[4318, 2560, 1410, 3592, 3593, 3594, 1937, 530, 1427, 3478, 1942, 3616, 3744, 2977, 3366, 3495, 3112, 3113, 3498, 3370, 1964, 1574, 42, 3378, 2996, 3003, 3005, 2631, 712, 3659, 3661, 3024, 2519, 2007, 1879, 3031, 3672, 3678, 1759, 97, 3559, 3050, 2796, 3061, 3831, 3706, 3579, 3196, 3325],1377282786,1576224561,198941775,45563583
summernote/summernote,55506,367,[4307, 4098, 4125, 45, 55, 61, 64, 66, 69, 2118, 72, 76, 77, 78, 102, 4218, 125, 2173, 2180, 133, 2182, 143, 2197, 156, 2216, 2217, 2218, 2228, 181, 185, 186, 4286, 2240, 2248, 2249, 202, 4306, 212, 226, 2277, 231, 2290, 243, 2291, 2299, 278, 2329, 282, 292, 293, 295, 303, 313, 316, 320, 2380, 2381, 2386, 2397, 353, 354, 2404, 2407, 2408, 2409, 2413, 2421, 2423, 377, 379, 2428, 2431, 2438, 2439, 2443, 2448, 401, 405, 416, 417, 419, 423, 428, 2482, 435, 436, 446, 466, 472, 475, 477, 478, 481, 482, 483, 485, 487, 489, 523, 2577, 533, 537, 539, 558, 583, 587, 588, 594, 596, 2648, 609, 627, 637, 638, 648, 655, 662, 669, 675, 677, 680, 685, 687, 690, 691, 693, 699, 706, 708, 709, 710, 718, 719, 720, 722, 723, 726, 733, 739, 745, 750, 754, 756, 757, 758, 764, 776, 783, 785, 794, 2848, 2849, 821, 822, 824, 845, 2898, 858, 861, 863, 866, 2922, 2933, 890, 898, 899, 905, 909, 918, 920, 923, 938, 948, 951, 3000, 957, 959, 3008, 965, 966, 3014, 3016, 972, 975, 977, 992, 3048, 1003, 1005, 3055, 1012, 1018, 1019, 1020, 1021, 3070, 1023, 1024, 1026, 1028, 1029, 3079, 1033, 1035, 1036, 1037, 1038, 1039, 3083, 1041, 1044, 1045, 1046, 1048, 1050, 1051, 1052, 1053, 1056, 1057, 1058, 1062, 1066, 1067, 1070, 1072, 1073, 1086, 1090, 1091, 1092, 1095, 1097, 1106, 1107, 1108, 1109, 1111, 1112, 1114, 1115, 1117, 1121, 3171, 1125, 1128, 1131, 1132, 1134, 1137, 1139, 3188, 1140, 1143, 1146, 1152, 1154, 1155, 1157, 1160, 1163, 1168, 1169, 1171, 1172, 1175, 1176, 1179, 1192, 1194, 1195, 1196, 1197, 1199, 1202, 1203, 1205, 1206, 1223, 1230, 1235, 3314, 1267, 1274, 1275, 1278, 1284, 1289, 1292, 1297, 1305, 1309, 1310, 1321, 1322, 1326, 1345, 1361, 1372, 3422, 1374, 1382, 1392, 3441, 1395, 1398, 1402, 1408, 1452, 1454, 1462, 1470, 1471, 1472, 1473, 1484, 1487, 1492, 1493, 1494, 1496, 1497, 1517, 1536, 1538, 1541, 1611, 1619, 3673, 1627, 1629, 1640, 1644, 1645, 3719, 1676, 1677, 1715, 1719, 1723, 1729, 1730, 3782, 1750, 1751, 1762, 1763, 1780, 1781, 1814, 1824, 1827, 1854, 1857, 3907, 3913, 1871, 1882, 3934, 3985, 1979, 4035, 4042, 2003, 2005, 2022, 2045],1377681045,1606497761,228816716,38566885
summernote/summernote,55530,31,[4272, 1, 2, 3, 3460, 5, 1543, 2057, 3465, 1421, 1173, 1560, 1946, 934, 1576, 1578, 2219, 1579, 2116, 1096, 332, 3405, 2941, 1622, 1626, 1630, 1631, 1632, 742, 1276, 4093],1368479457,1649557142,281077685,66842488
summernote/summernote,56147,27,[3522, 1671, 1552, 1564, 797, 3488, 33, 3490, 1569, 2982, 2985, 1845, 2998, 1591, 1592, 3257, 3004, 2141, 3040, 1504, 1767, 3049, 874, 3054, 1520, 2545, 2169],1376387396,1542644790,166257394,44200495
summernote/summernote,56191,56,[3466, 2048, 387, 645, 903, 904, 907, 2834, 2835, 1301, 2075, 1948, 1819, 2076, 1311, 928, 1185, 926, 933, 2342, 935, 805, 1193, 2101, 2229, 2615, 437, 60, 2366, 62, 447, 1217, 963, 2373, 2377, 331, 2253, 80, 1875, 2391, 1498, 93, 1501, 1248, 96, 2276, 3432, 1385, 2666, 3305, 1258, 1257, 111, 880, 3060, 3448],1380339324,1584369422,204030098,41814925
summernote/summernote,56581,26,[2946, 2178, 1546, 1548, 2450, 2323, 2324, 2195, 1818, 2465, 2341, 2474, 2475, 1836, 1919, 1847, 857, 2281, 2283, 2284, 2160, 1905, 1911, 2040, 1917, 2943],1421890689,1606927401,185036712,50564920
summernote/summernote,56972,37,[2444, 769, 2434, 780, 2061, 2066, 916, 921, 1565, 2334, 800, 2209, 1573, 1701, 1064, 1324, 1581, 2094, 1839, 950, 827, 2364, 1744, 849, 2131, 855, 2263, 1753, 1756, 1386, 2412, 749, 748, 2416, 1399, 2429, 766],1417039553,1521795296,104755743,48407908
zaach/jison,64597,56,[364, 258, 138, 266, 272, 276, 279, 282, 155, 284, 283, 285, 287, 160, 290, 165, 296, 297, 299, 300, 301, 302, 175, 305, 313, 316, 317, 318, 319, 321, 325, 326, 328, 333, 205, 338, 210, 340, 341, 342, 343, 218, 348, 349, 351, 352, 353, 356, 358, 231, 360, 233, 105, 239, 121, 254],1340295364,1481873953,141578589,55774786
metafizzy/flickity,33748,49,[1223, 386, 138, 1177, 540, 1182, 1184, 801, 679, 41, 937, 1196, 813, 685, 560, 1202, 51, 443, 959, 67, 196, 587, 849, 81, 723, 724, 725, 209, 343, 727, 728, 92, 221, 992, 97, 740, 997, 998, 363, 494, 1135, 368, 1009, 370, 246, 122, 123, 252, 127],1423632414,1430642165,7009751,46519109
metafizzy/flickity,33792,33,[1171, 514, 133, 774, 135, 1032, 783, 278, 282, 289, 547, 556, 46, 431, 177, 566, 694, 187, 576, 961, 322, 460, 845, 718, 855, 613, 233, 745, 619, 495, 623, 1015, 638],1423741515,1657822968,234081453,48660649
metafizzy/flickity,33832,22,[1128, 644, 390, 272, 660, 808, 809, 298, 817, 1086, 1091, 1098, 981, 341, 348, 95, 737, 231, 618, 625, 506, 1022],1427316417,1589495169,162178752,33876067
redis/redis-rb,51151,22,[1080, 1024, 1028, 1031, 1032, 1033, 1034, 1035, 1036, 1040, 1042, 1044, 1046, 1048, 1053, 1070, 976, 978, 979, 982, 995, 1018],1613863266,1626196927,12333661,4439758
redis/redis-rb,51213,24,[944, 778, 524, 913, 914, 915, 917, 790, 924, 925, 928, 930, 932, 934, 937, 941, 943, 703, 710, 598, 603, 347, 350, 765],1373321525,1531852032,158530507,39859476
redis/redis-rb,51238,23,[896, 774, 780, 781, 789, 794, 795, 798, 799, 810, 811, 812, 813, 814, 815, 816, 836, 837, 849, 850, 855, 856, 895],1534174237,1585598148,51423911,11074660
rauchg/slackin,50870,27,[389, 137, 269, 303, 311, 183, 313, 326, 328, 332, 333, 335, 336, 343, 344, 345, 351, 352, 354, 355, 232, 361, 234, 110, 111, 366, 114],1444353346,1446829153,2475807,54910693
tensorpack/tensorpack,59160,34,[1296, 128, 1, 2, 3, 4, 5, 6, 7, 8, 9, 1164, 1037, 1173, 409, 282, 544, 185, 828, 445, 65, 1097, 841, 588, 462, 594, 341, 1111, 218, 221, 993, 353, 359, 362],1460726049,1515337668,54611619,27886443
Activiti/Activiti,1162,23,[2574, 2182, 2444, 2230, 2231, 2369, 2371, 2372, 2373, 2514, 2516, 2389, 2390, 2397, 2148, 2149, 2150, 2151, 2417, 2546, 2420, 2549, 2174],1542049331,1542835044,785713,1438914
rlidwka/sinopia,52531,23,[485, 388, 393, 399, 403, 408, 418, 173, 180, 311, 447, 448, 321, 456, 463, 221, 352, 248, 484, 367, 370, 376, 379],1417213778,1464729442,47515664,33431227
TypeStrong/ts-node,62392,437,[1836, 1, 4, 8, 12, 24, 26, 44, 56, 59, 73, 104, 113, 116, 130, 131, 135, 138, 153, 155, 156, 158, 168, 179, 182, 210, 212, 216, 219, 234, 245, 246, 254, 256, 257, 258, 266, 271, 272, 278, 283, 284, 285, 286, 293, 294, 295, 298, 308, 309, 312, 313, 331, 332, 335, 351, 357, 369, 385, 391, 396, 404, 409, 416, 418, 419, 426, 431, 436, 437, 440, 442, 453, 457, 458, 459, 464, 465, 468, 469, 471, 472, 475, 476, 480, 481, 482, 484, 486, 487, 488, 489, 490, 491, 498, 499, 505, 509, 510, 519, 521, 522, 527, 560, 570, 574, 595, 596, 615, 616, 617, 618, 621, 624, 639, 653, 655, 656, 657, 666, 668, 672, 692, 693, 701, 703, 704, 705, 715, 729, 745, 748, 754, 767, 768, 779, 780, 782, 783, 790, 792, 797, 805, 811, 815, 817, 819, 821, 822, 838, 850, 852, 855, 863, 866, 873, 876, 879, 880, 895, 897, 903, 906, 908, 909, 920, 921, 922, 923, 925, 927, 928, 929, 930, 935, 939, 948, 949, 951, 954, 956, 960, 961, 963, 967, 970, 976, 978, 985, 990, 994, 995, 996, 997, 998, 999, 1000, 1003, 1004, 1007, 1009, 1010, 1020, 1021, 1037, 1038, 1043, 1044, 1045, 1047, 1051, 1054, 1055, 1056, 1057, 1058, 1060, 1062, 1063, 1064, 1069, 1072, 1073, 1074, 1075, 1076, 1077, 1084, 1085, 1086, 1087, 1088, 1089, 1091, 1092, 1093, 1095, 1096, 1097, 1098, 1099, 1100, 1101, 1102, 1103, 1104, 1105, 1107, 1108, 1109, 1110, 1111, 1114, 1115, 1117, 1118, 1120, 1122, 1128, 1130, 1136, 1137, 1145, 1148, 1151, 1155, 1160, 1161, 1165, 1167, 1168, 1171, 1180, 1189, 1194, 1197, 1198, 1201, 1202, 1203, 1204, 1207, 1208, 1213, 1220, 1221, 1222, 1225, 1226, 1228, 1229, 1232, 1235, 1236, 1239, 1243, 1245, 1248, 1249, 1258, 1261, 1271, 1283, 1292, 1296, 1297, 1298, 1302, 1303, 1313, 1316, 1317, 1322, 1323, 1328, 1329, 1330, 1331, 1332, 1342, 1345, 1346, 1352, 1356, 1361, 1364, 1366, 1367, 1368, 1371, 1372, 1375, 1376, 1379, 1381, 1382, 1383, 1387, 1388, 1389, 1396, 1407, 1421, 1426, 1427, 1428, 1429, 1433, 1435, 1439, 1442, 1445, 1446, 1457, 1461, 1474, 1481, 1487, 1491, 1493, 1494, 1498, 1499, 1504, 1505, 1506, 1508, 1509, 1514, 1515, 1518, 1522, 1526, 1529, 1531, 1532, 1536, 1537, 1542, 1548, 1557, 1558, 1559, 1562, 1564, 1571, 1572, 1573, 1584, 1585, 1586, 1592, 1596, 1611, 1614, 1619, 1620, 1628, 1629, 1630, 1633, 1641, 1642, 1645, 1649, 1654, 1655, 1662, 1663, 1664, 1670, 1671, 1674, 1675, 1678, 1682, 1686, 1687, 1690, 1691, 1692, 1694, 1716, 1727, 1728, 1731, 1742, 1756, 1760, 1776, 1780, 1785, 1812, 1814, 1828, 1831, 1834],1436951952,1657676025,220724073,30023414
TypeStrong/ts-node,62856,21,[818, 129, 133, 775, 788, 789, 793, 794, 31, 34, 697, 315, 699, 707, 78, 609, 758, 123, 764, 765, 766],1447491791,1623667451,176175660,30727181
iron/iron,24544,39,[635, 386, 261, 523, 527, 528, 532, 533, 415, 544, 551, 295, 424, 560, 564, 567, 568, 570, 446, 447, 576, 578, 579, 450, 581, 457, 591, 464, 466, 478, 483, 615, 616, 618, 494, 625, 501, 510, 511],1421625446,1484105147,62479701,27692495
App-vNext/Polly,14908,306,[924, 1, 2, 3, 4, 5, 6, 518, 520, 517, 513, 523, 14, 526, 528, 530, 533, 535, 536, 540, 541, 542, 543, 546, 38, 551, 552, 41, 550, 554, 39, 557, 553, 559, 46, 49, 50, 562, 51, 564, 566, 53, 56, 568, 569, 570, 571, 572, 573, 575, 576, 574, 578, 579, 577, 581, 67, 70, 71, 73, 591, 80, 598, 599, 87, 601, 90, 603, 602, 607, 610, 101, 103, 104, 105, 107, 108, 109, 623, 624, 112, 629, 121, 122, 123, 127, 640, 129, 130, 131, 132, 645, 133, 134, 136, 135, 137, 139, 140, 141, 138, 142, 143, 144, 653, 145, 148, 149, 666, 154, 156, 159, 673, 162, 674, 164, 165, 675, 167, 168, 644, 680, 682, 172, 174, 175, 176, 177, 179, 180, 647, 188, 191, 194, 195, 197, 198, 199, 200, 201, 715, 205, 717, 207, 206, 208, 210, 211, 724, 212, 215, 216, 217, 218, 219, 220, 221, 734, 735, 224, 223, 226, 228, 741, 742, 231, 351, 748, 237, 238, 239, 244, 756, 247, 248, 763, 252, 254, 256, 257, 258, 259, 260, 262, 263, 265, 266, 267, 268, 782, 271, 272, 276, 277, 278, 279, 281, 287, 288, 294, 806, 297, 298, 299, 301, 302, 303, 820, 311, 312, 825, 315, 316, 317, 318, 319, 325, 326, 840, 329, 330, 331, 332, 335, 336, 337, 338, 851, 852, 853, 342, 340, 350, 863, 352, 353, 864, 865, 356, 866, 867, 869, 360, 361, 871, 362, 359, 877, 365, 367, 366, 368, 370, 369, 372, 373, 380, 894, 383, 902, 903, 391, 907, 909, 910, 911, 912, 398, 403, 404, 405, 407, 412, 414, 419, 422, 423, 424, 425, 426, 427, 428, 429, 441, 442, 443, 444, 445, 446, 447, 451, 455, 457, 463, 471, 472, 475, 476, 477, 484, 485, 487, 496, 499, 508, 510],1369472194,1543336221,173864027,22058408
App-vNext/Polly,15048,21,[728, 270, 655, 273, 280, 668, 545, 321, 464, 592, 600, 606, 611, 612, 613, 614, 615, 616, 497, 502, 504],1499832228,1551555031,51722803,7920210
volatilityfoundation/volatility,63871,35,[806, 385, 1, 772, 7, 395, 14, 274, 276, 533, 277, 285, 414, 413, 417, 420, 422, 552, 710, 330, 331, 203, 335, 80, 81, 344, 478, 486, 359, 365, 367, 623, 116, 503, 381],1398501722,1589939445,191437723,60090119
transitive-bullshit/create-react-library,60919,34,[317, 134, 136, 17, 147, 151, 154, 160, 162, 166, 169, 170, 171, 178, 193, 67, 77, 80, 86, 221, 223, 225, 226, 99, 230, 103, 104, 232, 109, 113, 116, 119, 120, 122],1524020286,1585636220,61615934,25525500
marko-js/marko,32654,41,[1428, 129, 1025, 1156, 1033, 1290, 528, 913, 912, 914, 1046, 920, 1051, 1052, 924, 927, 1059, 804, 676, 1064, 810, 1066, 1068, 1067, 1072, 946, 947, 949, 952, 954, 1086, 1091, 1094, 1107, 1108, 870, 1266, 1020, 125, 1022, 895],1439906462,1520388510,80482048,25293970
nytimes/NYTPhotoViewer,41645,39,[215, 146, 25, 27, 28, 164, 165, 166, 39, 167, 172, 177, 52, 53, 54, 185, 61, 62, 63, 64, 68, 72, 75, 80, 82, 83, 84, 92, 96, 102, 103, 109, 112, 113, 114, 118, 121, 122, 123],1427087058,1452748275,25661217,12474089
tiny-dnn/tiny-dnn,60281,282,[997, 1, 2, 3, 4, 5, 518, 6, 8, 9, 522, 10, 7, 520, 527, 16, 529, 21, 513, 24, 537, 538, 514, 540, 543, 545, 548, 551, 552, 39, 553, 554, 41, 557, 558, 559, 560, 564, 566, 568, 569, 570, 573, 574, 576, 577, 578, 71, 75, 600, 601, 604, 605, 608, 612, 613, 615, 619, 620, 108, 631, 634, 639, 641, 643, 649, 138, 651, 652, 655, 144, 657, 658, 146, 143, 149, 662, 148, 147, 153, 154, 667, 156, 670, 672, 674, 163, 677, 166, 679, 168, 681, 171, 684, 687, 688, 689, 690, 175, 692, 181, 694, 182, 184, 186, 187, 188, 699, 192, 193, 706, 197, 198, 199, 200, 201, 714, 202, 716, 718, 206, 208, 207, 722, 210, 212, 215, 729, 731, 219, 733, 221, 735, 222, 226, 228, 229, 233, 747, 235, 237, 749, 751, 236, 244, 757, 249, 251, 254, 766, 256, 257, 769, 770, 261, 262, 264, 268, 782, 271, 273, 786, 276, 277, 278, 283, 286, 289, 803, 804, 805, 291, 295, 294, 806, 298, 299, 300, 814, 302, 303, 305, 820, 828, 316, 319, 321, 834, 324, 335, 339, 854, 855, 350, 864, 354, 356, 873, 363, 878, 879, 368, 886, 887, 376, 377, 891, 380, 381, 898, 387, 388, 901, 390, 393, 909, 397, 911, 399, 400, 915, 916, 917, 918, 407, 404, 921, 410, 411, 417, 930, 931, 420, 421, 932, 935, 418, 939, 427, 942, 947, 948, 949, 439, 443, 444, 960, 449, 453, 454, 455, 968, 457, 458, 971, 459, 463, 978, 979, 466, 470, 984, 985, 986, 987, 989, 481, 994, 995, 996, 484, 485, 488, 492, 494, 495, 499, 500, 501, 508, 509, 511],1357602786,1487704744,130101958,15120383
deployphp/deployer,20089,111,[2925, 1024, 1, 2, 3, 4, 5, 6, 7, 8, 9, 10, 11, 12, 13, 14, 15, 16, 17, 18, 19, 1043, 1038, 1567, 1059, 1025, 1063, 1064, 1065, 1066, 2603, 1071, 1027, 2612, 566, 1029, 64, 1092, 1103, 1106, 1034, 1543, 1109, 1110, 1035, 126, 1154, 1157, 146, 147, 1187, 1192, 683, 684, 1219, 1220, 1222, 1233, 1748, 1753, 1276, 1280, 2323, 1337, 1849, 1857, 845, 846, 2392, 859, 863, 2912, 1376, 2402, 866, 888, 889, 891, 2440, 905, 2442, 908, 2450, 2458, 924, 929, 931, 932, 2472, 937, 953, 955, 963, 968, 971, 974, 979, 980, 2523, 988, 2524, 1507, 1001, 1005, 1006, 1011, 1013, 1016, 1018, 1021, 1023],1374188066,1489418895,115230829,44508752
deployphp/deployer,20336,34,[2429, 896, 898, 527, 530, 2067, 2069, 541, 2080, 1446, 1719, 1593, 2106, 2105, 572, 957, 1594, 1982, 2377, 2122, 2393, 1371, 2267, 2401, 875, 619, 2413, 877, 1647, 622, 625, 2424, 1404, 894],1452816681,1480110768,27294087,37962549
deployphp/deployer,20392,21,[2290, 2176, 2178, 2180, 2185, 2186, 2187, 2188, 2192, 2193, 2194, 2210, 2218, 2225, 2226, 2240, 2241, 2242, 2245, 2246, 2250],1601592010,1604034711,2442701,405336
casesandberg/react-color,16336,61,[829, 512, 771, 772, 773, 774, 651, 780, 782, 398, 784, 657, 658, 660, 661, 662, 791, 794, 798, 800, 672, 801, 420, 806, 687, 688, 432, 690, 437, 822, 575, 711, 583, 714, 715, 458, 461, 588, 721, 722, 466, 471, 728, 600, 735, 736, 481, 480, 611, 616, 488, 746, 749, 624, 754, 500, 759, 760, 634, 635, 510],1503961031,1608383077,104422046,37613993
casesandberg/react-color,16428,44,[701, 258, 644, 395, 652, 399, 656, 401, 404, 539, 540, 413, 670, 548, 423, 683, 684, 686, 305, 307, 694, 438, 184, 310, 313, 316, 445, 66, 455, 215, 216, 359, 504, 620, 364, 366, 621, 365, 508, 369, 371, 632, 636, 511],1450467674,1548309361,97841687,35393753
Rapptz/discord.py,46927,200,[8180, 1, 2, 513, 5126, 6663, 6150, 2567, 1031, 5131, 5133, 1550, 2578, 1554, 21, 5142, 5143, 5144, 5145, 539, 5149, 5150, 6175, 1565, 1574, 5159, 5160, 6697, 6193, 6194, 4146, 56, 57, 1592, 59, 1594, 61, 4159, 6722, 7753, 4169, 75, 4171, 1610, 6222, 5200, 5201, 2645, 1110, 2135, 4186, 4188, 1116, 4191, 7264, 100, 1637, 102, 4202, 1648, 2161, 5745, 5111, 4210, 4222, 5759, 6784, 5760, 5761, 1150, 6281, 7305, 6283, 5116, 1166, 1685, 1687, 1690, 7842, 2211, 1702, 6825, 7858, 5819, 1726, 6851, 2244, 2254, 5846, 5847, 222, 1249, 1766, 1768, 2282, 5867, 1774, 5871, 5880, 5882, 5889, 6914, 264, 777, 6925, 2318, 6414, 2320, 5910, 2336, 813, 5942, 7992, 5951, 5955, 5959, 5971, 6996, 2392, 5978, 5980, 1892, 8039, 5991, 7017, 1387, 2417, 1393, 6516, 1396, 2422, 2423, 1399, 2425, 2424, 1401, 2429, 1408, 2434, 6020, 2436, 900, 903, 1928, 7049, 1421, 6030, 6553, 6041, 6554, 6556, 3996, 2462, 6047, 1434, 7075, 1444, 1957, 6054, 423, 7594, 4011, 2476, 6061, 7595, 2475, 7605, 1461, 6078, 1471, 2499, 6084, 1478, 969, 2512, 5072, 5076, 5078, 1500, 8158, 990, 4064, 991, 994, 995, 1510, 8167, 8168, 1515, 5100, 2544, 2033, 5109, 6134, 2549, 5113, 5114, 6652, 5117, 5119],1441256889,1594573788,153316899,22278192
duo-labs/cloudmapper,22041,45,[882, 1, 641, 2, 3, 4, 642, 524, 14, 16, 18, 20, 24, 153, 27, 539, 155, 287, 160, 37, 556, 301, 557, 559, 562, 52, 54, 55, 696, 184, 187, 713, 843, 595, 221, 483, 874, 875, 876, 106, 494, 491, 492, 881, 495],1518846479,1564190102,45343623,14528176
duo-labs/cloudmapper,22316,21,[489, 384, 13, 300, 306, 51, 461, 339, 85, 89, 482, 484, 486, 365, 372, 376, 378, 379, 381, 382, 383],1519183367,1557186828,38003461,7753801
MithrilJS/mithril.js,35846,799,[2769, 1, 2050, 3, 4, 5, 6, 2055, 2, 2052, 10, 8, 2060, 2061, 2062, 2064, 2065, 2067, 2068, 22, 2070, 2072, 2073, 2074, 2080, 2082, 2085, 2086, 2087, 2088, 39, 2090, 2091, 2092, 2096, 2097, 2098, 49, 2101, 2102, 2103, 2106, 2107, 60, 2112, 2113, 2114, 69, 2121, 2122, 2124, 2127, 2128, 2129, 2130, 2132, 2136, 95, 2148, 2149, 2150, 2155, 108, 2156, 2172, 2174, 2179, 2180, 2181, 2187, 2194, 147, 2197, 2200, 2201, 2206, 2207, 2209, 2212, 2213, 2214, 2215, 2216, 169, 2219, 2220, 2221, 2222, 2224, 2226, 2232, 2241, 2243, 196, 2245, 2246, 2247, 2248, 197, 2250, 198, 2251, 199, 2260, 2262, 2265, 2270, 2273, 2275, 228, 2278, 2279, 2280, 2281, 2282, 2284, 2286, 2287, 241, 2291, 2292, 2293, 2294, 2295, 2297, 250, 2299, 254, 2304, 256, 2307, 264, 2315, 2316, 2317, 2318, 2319, 2320, 2323, 2325, 2326, 2327, 2328, 2329, 2330, 2331, 2334, 2336, 2337, 291, 2340, 2341, 2339, 2346, 2347, 2348, 2353, 2354, 2355, 2357, 2360, 2361, 2365, 2366, 2369, 2375, 2378, 2379, 2380, 2387, 2388, 2389, 341, 2391, 348, 2397, 2398, 2400, 2401, 2405, 2406, 358, 2414, 2417, 370, 371, 2420, 2418, 2422, 2423, 2425, 378, 2427, 2430, 2431, 2434, 2437, 2444, 2447, 403, 2452, 2453, 404, 2458, 413, 2461, 2463, 2464, 2465, 2462, 2469, 2470, 2471, 2472, 2475, 2477, 2478, 433, 2482, 2483, 2487, 2492, 2493, 2498, 2500, 2502, 2503, 2505, 2506, 461, 2510, 2513, 2516, 2522, 2525, 2526, 2527, 2528, 2532, 2535, 2536, 2537, 2538, 2539, 2540, 492, 497, 498, 499, 500, 2551, 2552, 2553, 505, 2557, 2558, 2559, 510, 2561, 514, 511, 517, 2567, 520, 521, 522, 523, 524, 2573, 526, 2575, 2576, 527, 2578, 530, 2580, 2581, 2582, 2584, 2585, 538, 2587, 2588, 2593, 2594, 545, 2599, 552, 2601, 2603, 2604, 2605, 2607, 2608, 2613, 2616, 571, 2620, 573, 2622, 575, 2627, 2628, 2629, 2630, 2632, 2633, 2634, 2635, 586, 588, 2639, 2641, 594, 2644, 2645, 2646, 2647, 2648, 2649, 2650, 2651, 2652, 605, 2654, 2655, 2657, 2665, 618, 2669, 2670, 2671, 2672, 2673, 2674, 628, 2677, 630, 2679, 2680, 2684, 638, 2688, 2689, 2690, 2691, 2692, 2693, 2695, 2696, 2698, 651, 2710, 2711, 662, 665, 2717, 2718, 669, 2721, 2722, 674, 679, 680, 683, 684, 688, 691, 2741, 694, 2743, 2744, 2745, 695, 2748, 2749, 2750, 2751, 2752, 2753, 706, 2755, 2756, 2757, 2758, 705, 2760, 2765, 2766, 2767, 2768, 722, 723, 724, 726, 727, 733, 734, 735, 738, 739, 743, 745, 746, 756, 776, 777, 778, 799, 800, 801, 802, 805, 806, 807, 821, 822, 824, 825, 826, 828, 830, 831, 832, 834, 836, 848, 850, 853, 856, 857, 860, 868, 872, 873, 874, 881, 887, 890, 892, 893, 894, 898, 900, 901, 903, 904, 906, 908, 909, 912, 913, 914, 916, 928, 932, 934, 935, 936, 947, 952, 954, 956, 968, 973, 976, 977, 978, 986, 990, 992, 994, 995, 997, 1005, 1006, 1007, 1008, 1009, 1012, 1014, 1016, 1019, 1023, 1025, 1026, 1028, 1033, 1034, 1040, 1044, 1047, 1048, 1049, 1080, 1082, 1086, 1089, 1090, 1091, 1094, 1095, 1100, 1103, 1106, 1108, 1113, 1114, 1115, 1117, 1123, 1132, 1133, 1138, 1146, 1148, 1149, 1153, 1154, 1156, 1157, 1158, 1162, 1165, 1166, 1169, 1171, 1172, 1176, 1177, 1178, 1180, 1182, 1184, 1194, 1198, 1200, 1204, 1212, 1213, 1217, 1229, 1231, 1239, 1240, 1244, 1245, 1252, 1253, 1254, 1258, 1259, 1260, 1262, 1263, 1264, 1267, 1268, 1269, 1275, 1276, 1277, 1279, 1283, 1286, 1289, 1290, 1291, 1293, 1296, 1298, 1299, 1304, 1305, 1308, 1310, 1315, 1321, 1322, 1323, 1324, 1335, 1336, 1338, 1339, 1343, 1349, 1356, 1357, 1360, 1364, 1379, 1381, 1382, 1383, 1390, 1391, 1393, 1398, 1402, 1404, 1411, 1418, 1419, 1423, 1424, 1426, 1428, 1441, 1445, 1446, 1448, 1453, 1457, 1458, 1461, 1462, 1463, 1464, 1466, 1468, 1471, 1472, 1475, 701, 1483, 1484, 1486, 1499, 1500, 1503, 1509, 1510, 1516, 1517, 1521, 1532, 1537, 1592, 1593, 1595, 1596, 1598, 1599, 1603, 1605, 1608, 1613, 1616, 1617, 1623, 1632, 1636, 1637, 1638, 1639, 1641, 1643, 1652, 1653, 1654, 1662, 1663, 1669, 1670, 1671, 1672, 1674, 1675, 1676, 1682, 1687, 1689, 1691, 1693, 1694, 1695, 1699, 1702, 1706, 1709, 1710, 1711, 1712, 1713, 1714, 1716, 1720, 1724, 1725, 1726, 1727, 1728, 1731, 1734, 1739, 1741, 1744, 1746, 1750, 1751, 1758, 1759, 1763, 1764, 1765, 1766, 1767, 1769, 1771, 1773, 1775, 1776, 1777, 1779, 1781, 1786, 1788, 1790, 1791, 1792, 1796, 1804, 1807, 1810, 1812, 1814, 1815, 1824, 1828, 1831, 1832, 1833, 1836, 1837, 1838, 1840, 1847, 1853, 1854, 1856, 1859, 1860, 1862, 1865, 1867, 1868, 1875, 1877, 1881, 1886, 1888, 1891, 1892, 1895, 1898, 1904, 1907, 1916, 1918, 1926, 1929, 1930, 1937, 1939, 1943, 1945, 1946, 1947, 1948, 1949, 1951, 1953, 1956, 1957, 1963, 1966, 1975, 1977, 1978, 1979, 1982, 1983, 1986, 1987, 1990, 1991, 1992, 1993, 1994, 1999, 2003, 2017, 2021, 2023, 2026, 2030, 2043, 2046],1395181259,1535496506,140315247,26232400
MithrilJS/mithril.js,36397,25,[1561, 259, 260, 262, 265, 270, 151, 409, 157, 159, 288, 164, 297, 171, 436, 439, 442, 455, 201, 336, 214, 616, 360, 252, 253],1404801465,1411272097,6470632,10499208
cglib/cglib,16982,21,[90, 1, 3, 4, 5, 6, 7, 8, 9, 11, 15, 18, 19, 20, 21, 23, 32, 33, 34, 43, 89],1398701609,1475535178,76833569,39245294
mlflow/mlflow,37500,30,[6108, 1536, 5121, 4484, 1413, 1414, 2823, 6030, 2193, 1943, 1825, 545, 1698, 5025, 2863, 2097, 1464, 2104, 1978, 2105, 2112, 2767, 5971, 724, 597, 1120, 109, 111, 5493, 2038],1530538128,1582909317,52371189,45770430
mlflow/mlflow,37510,81,[6095, 3077, 3086, 3601, 2581, 2071, 3608, 2075, 3108, 4135, 3116, 2607, 2608, 3632, 1093, 3144, 3069, 2150, 2662, 3177, 2671, 629, 3206, 2697, 2701, 2215, 2728, 5293, 5295, 3766, 2744, 2752, 2753, 3792, 2263, 3296, 4839, 4337, 2802, 3319, 3320, 2809, 3325, 1790, 2834, 1813, 810, 2872, 832, 3393, 4419, 4426, 842, 4946, 851, 861, 3430, 2924, 6004, 2421, 902, 3463, 5010, 917, 4014, 1970, 1971, 6069, 5045, 4022, 6075, 4037, 5575, 5070, 3034, 3557, 3046, 2544, 1009, 2044, 2045],1539652482,1594865440,55212958,19278413
mlflow/mlflow,37522,41,[6074, 1, 2, 3, 4, 5, 6, 7, 1544, 8, 9, 10, 138, 1805, 1549, 15, 5003, 6034, 132, 2330, 2206, 4897, 1450, 2352, 4668, 61, 1865, 3021, 80, 1875, 1621, 1878, 4695, 1880, 3803, 5852, 1759, 1760, 1763, 4326, 1767],1528244978,1598085093,69840115,45925884
mlflow/mlflow,37573,24,[6000, 2824, 2825, 2440, 5517, 1806, 4750, 1422, 5397, 2459, 2719, 1336, 2751, 2498, 5574, 3274, 3281, 2645, 2520, 2393, 2279, 2408, 5998, 2295],1558897124,1598085111,39187987,27948283
mlflow/mlflow,37784,24,[5645, 5504, 5634, 5638, 5522, 5526, 5534, 5417, 5553, 5556, 5307, 5566, 5572, 5577, 5451, 5580, 5581, 5596, 5470, 5346, 5603, 3044, 5487, 5615],1593814453,1649459762,55645309,3465848
mlflow/mlflow,38030,27,[5274, 4997, 4999, 5130, 5009, 4883, 4885, 4887, 5018, 5022, 5151, 5024, 5029, 5031, 5032, 5039, 5171, 5043, 5055, 4296, 5200, 5078, 4822, 4954, 4204, 4852, 4990],1616767302,1636425710,19658408,6760509
mlflow/mlflow,38359,37,[4824, 3841, 3844, 3845, 1286, 3851, 3600, 3859, 3860, 3861, 3862, 4119, 3867, 3869, 4133, 3752, 4138, 3890, 3768, 1223, 3790, 1238, 3419, 1117, 3678, 865, 3682, 1253, 3582, 1127, 3815, 3820, 3822, 3825, 3828, 3574, 3838],1549324940,1623862695,74537755,16477431
mlflow/mlflow,38589,33,[4529, 3465, 2186, 2700, 3085, 1423, 3858, 2724, 3494, 3501, 3513, 1598, 2367, 2878, 3392, 2124, 2770, 3542, 3544, 3416, 3418, 2136, 2908, 3549, 2142, 4312, 3047, 3048, 3817, 3050, 3055, 3568, 2170],1559969205,1598085103,38115898,18043812
mlflow/mlflow,38647,21,[4454, 640, 644, 1680, 1564, 925, 1694, 1571, 685, 1840, 1718, 1984, 4305, 868, 1896, 1517, 4081, 627, 756, 1660, 2813],1539445008,1654240896,114795888,36826073
mlflow/mlflow,38846,24,[4179, 2317, 3984, 2576, 2962, 2327, 3995, 1705, 3121, 1465, 3132, 2631, 2632, 2639, 2642, 2775, 2522, 1756, 2274, 866, 2534, 2538, 1770, 1778],1549325345,1637186640,87861295,22967737
mlflow/mlflow,39209,20,[3654, 3342, 3344, 3223, 3224, 3359, 3246, 3387, 3402, 3282, 3287, 3294, 3552, 3173, 3303, 2159, 3065, 3322, 3323, 3324],1575408845,1605599187,30190342,8139847
mlflow/mlflow,39395,52,[3373, 1152, 1033, 913, 1554, 3219, 1555, 920, 923, 1051, 926, 32, 930, 931, 933, 934, 1061, 1062, 3253, 950, 951, 949, 821, 1079, 955, 956, 958, 2239, 961, 966, 1097, 1225, 972, 974, 977, 978, 980, 981, 598, 983, 984, 985, 990, 1252, 999, 1001, 1129, 1004, 881, 1137, 882, 1140],1528739176,1555715633,26976457,27539563
mlflow/mlflow,39560,40,[3101, 1666, 2179, 2052, 2059, 1426, 2195, 1556, 1812, 2708, 1816, 1056, 1057, 2084, 1701, 2212, 1829, 1700, 2601, 2217, 2730, 2475, 1710, 1839, 2102, 968, 2251, 1869, 1620, 1113, 1115, 2143, 1380, 2024, 2030, 1007, 1008, 1010, 2550, 1400],1552066376,1598085083,46018707,26914604
varvet/pundit,63395,51,[693, 1, 131, 133, 10, 267, 140, 654, 655, 400, 656, 143, 658, 20, 21, 24, 537, 538, 540, 669, 670, 32, 38, 39, 680, 681, 684, 557, 686, 48, 50, 443, 66, 68, 212, 599, 88, 350, 101, 110, 368, 625, 114, 626, 116, 117, 118, 503, 628, 637, 638],1353900292,1628690873,274790581,47699378
varvet/pundit,63438,65,[627, 385, 386, 261, 391, 392, 135, 263, 265, 12, 141, 527, 529, 402, 531, 276, 530, 406, 152, 153, 410, 548, 550, 423, 168, 554, 170, 172, 175, 176, 178, 563, 308, 179, 439, 441, 444, 572, 190, 320, 448, 195, 452, 454, 331, 77, 462, 466, 467, 216, 475, 478, 351, 480, 482, 484, 486, 487, 495, 497, 373, 375, 506, 382, 511],1358613530,1528387431,169773901,37702135
grpc/grpc-web,23523,28,[1230, 1025, 1026, 259, 260, 1039, 1043, 673, 550, 939, 941, 1076, 1077, 1082, 700, 1085, 575, 1221, 330, 1105, 219, 222, 223, 744, 745, 1137, 1138, 253],1533449731,1599205815,65756084,29522158
grpc/grpc-web,23547,47,[1200, 518, 908, 909, 910, 785, 786, 405, 918, 283, 541, 544, 418, 292, 425, 555, 558, 942, 176, 567, 695, 956, 317, 574, 580, 847, 848, 338, 466, 858, 988, 604, 351, 608, 865, 868, 489, 746, 873, 874, 877, 498, 756, 886, 632, 1018, 766],1524162652,1643762674,119600022,32414204
grpc/grpc-web,23613,41,[1113, 384, 906, 528, 657, 284, 413, 543, 1057, 289, 294, 295, 171, 300, 557, 302, 301, 304, 1075, 307, 309, 1078, 311, 568, 566, 308, 182, 186, 200, 209, 467, 342, 1112, 352, 356, 361, 490, 363, 497, 377, 250],1522910273,1543399570,20489297,36026349
meliorence/react-native-snap-carousel,15465,177,[884, 513, 2, 3, 1, 9, 11, 12, 22, 536, 26, 27, 538, 31, 33, 34, 547, 36, 35, 38, 39, 552, 40, 554, 41, 45, 558, 559, 48, 51, 564, 567, 56, 58, 572, 63, 71, 73, 75, 589, 79, 81, 82, 601, 89, 90, 604, 608, 100, 102, 615, 614, 617, 103, 110, 623, 624, 627, 632, 636, 637, 643, 133, 647, 648, 145, 659, 666, 157, 671, 672, 673, 159, 161, 678, 681, 173, 690, 691, 180, 183, 696, 189, 703, 704, 193, 194, 195, 709, 199, 713, 202, 203, 721, 209, 213, 217, 221, 734, 225, 226, 228, 232, 745, 235, 237, 238, 750, 754, 242, 756, 244, 247, 760, 250, 257, 260, 261, 262, 264, 787, 275, 277, 278, 282, 288, 292, 296, 809, 302, 303, 304, 313, 316, 835, 325, 840, 329, 842, 328, 337, 338, 341, 344, 347, 349, 357, 358, 363, 368, 369, 373, 375, 378, 386, 395, 402, 409, 411, 417, 419, 425, 430, 434, 436, 443, 449, 465, 469, 472, 476, 478, 479, 487, 491, 495, 496],1476362003,1633694761,157332758,44531718
jhen0409/react-native-debugger,25149,32,[588, 532, 158, 159, 423, 426, 431, 432, 440, 56, 189, 190, 62, 209, 210, 211, 214, 215, 216, 217, 218, 219, 220, 356, 365, 242, 244, 245, 246, 247, 376, 382],1489628487,1643346942,153718455,50319939
go-chi/chi,23318,27,[255, 167, 168, 43, 45, 47, 176, 48, 49, 179, 182, 55, 56, 185, 61, 78, 207, 79, 209, 83, 221, 94, 99, 100, 246, 125, 127],1464430866,1503104434,38673568,23176868
