"key","repo_name","size","diameter","density","author_count","comment_count","repo_contributors","component_url","list_of_nodes"
"33792","metafizzy/flickity","33","8","0.035984848","133","215","17","https://github.com/metafizzy/flickity/issues/514","514|133|774|135|1032|783|1171|278|282|289|547|556|46|431|177|566|694|187|576|961|322|460|845|718|855|613|233|745|619|495|623|1015|638"
"4869","ag-grid/ag-grid","3","1","0.5","7","7","107","https://github.com/ag-grid/ag-grid/issues/3467","3467|3468|3685"
"35846","MithrilJS/mithril.js","799","19","0.0017785389","419","6062","245","https://github.com/MithrilJS/mithril.js/issues/1","1|2050|3|4|5|6|2055|2|2052|10|8|2060|2061|2062|2064|2065|2067|2068|22|2070|2072|2073|2074|2080|2082|2085|2086|2087|2088|39|2090|2091|2092|2096|2097|2098|49|2101|2102|2103|2106|2107|60|2112|2113|2114|69|2121|2122|2124|2127|2128|2129|2130|2132|2136|95|2148|2149|2150|2155|108|2156|2172|2174|2179|2180|2181|2187|2194|147|2197|2200|2201|2206|2207|2209|2212|2213|2214|2215|2216|169|2219|2220|2221|2222|2224|2226|2232|2241|2243|196|2245|2246|2247|2248|197|2250|198|2251|199|2260|2262|2265|2270|2273|2275|228|2278|2279|2280|2281|2282|2284|2286|2287|241|2291|2292|2293|2294|2295|2297|250|2299|254|2304|256|2307|264|2315|2316|2317|2318|2319|2320|2323|2325|2326|2327|2328|2329|2330|2331|2334|2336|2337|291|2340|2341|2339|2346|2347|2348|2353|2354|2355|2357|2360|2361|2365|2366|2369|2375|2378|2379|2380|2387|2388|2389|341|2391|348|2397|2398|2400|2401|2405|2406|358|2414|2417|370|371|2420|2418|2422|2423|2425|378|2427|2430|2431|2434|2437|2444|2447|403|2452|2453|404|2458|413|2461|2463|2464|2465|2462|2469|2470|2471|2472|2475|2477|2478|433|2482|2483|2487|2492|2493|2498|2500|2502|2503|2505|2506|461|2510|2513|2516|2522|2525|2526|2527|2528|2532|2535|2536|2537|2538|2539|2540|492|497|498|499|500|2551|2552|505|2553|2557|510|511|2558|2561|514|2559|517|2567|520|521|522|523|524|2573|526|527|2575|2576|530|2578|2580|2581|2582|2584|2585|538|2587|2588|545|2593|2594|2599|552|2601|2603|2604|2605|2607|2608|2613|2616|571|2620|573|2622|575|2627|2628|2629|2630|2632|2633|2634|2635|586|588|2639|2641|594|2644|2645|2646|2647|2648|2649|2650|2651|2652|605|2654|2655|2657|2665|618|2669|2670|2671|2672|2673|2674|628|2677|630|2679|2680|2684|638|2688|2689|2690|2691|2692|2693|2695|2696|2698|651|2710|2711|662|665|2717|2718|669|2721|2722|674|679|680|683|684|688|691|2741|694|2743|2744|2745|695|2748|2749|2750|2751|2752|2753|706|2755|2756|2757|2758|705|2760|2765|2766|2767|2768|2769|722|723|724|726|727|733|734|735|738|739|743|745|746|756|776|777|778|799|800|801|802|805|806|807|821|822|824|825|826|828|830|831|832|834|836|848|850|853|856|857|860|868|872|873|874|881|887|890|892|893|894|898|900|901|903|904|906|908|909|912|913|914|916|928|932|934|935|936|947|952|954|956|968|973|976|977|978|986|990|992|994|995|997|1005|1006|1007|1008|1009|1012|1014|1016|1019|1023|1025|1026|1028|1033|1034|1040|1044|1047|1048|1049|1080|1082|1086|1089|1090|1091|1094|1095|1100|1103|1106|1108|1113|1114|1115|1117|1123|1132|1133|1138|1146|1148|1149|1153|1154|1156|1157|1158|1162|1165|1166|1169|1171|1172|1176|1177|1178|1180|1182|1184|1194|1198|1200|1204|1212|1213|1217|1229|1231|1239|1240|1244|1245|1252|1253|1254|1258|1259|1260|1262|1263|1264|1267|1268|1269|1275|1276|1277|1279|1283|1286|1289|1290|1291|1293|1296|1298|1299|1304|1305|1308|1310|1315|1321|1322|1323|1324|1335|1336|1338|1339|1343|1349|1356|1357|1360|1364|1379|1381|1382|1383|1390|1391|1393|1398|1402|1404|1411|1418|1419|1423|1424|1426|1428|1441|1445|1446|1448|1453|1457|1458|1461|1462|1463|1464|1466|1468|1471|1472|1475|701|1483|1484|1486|1499|1500|1503|1509|1510|1516|1517|1521|1532|1537|1592|1593|1595|1596|1598|1599|1603|1605|1608|1613|1616|1617|1623|1632|1636|1637|1638|1639|1641|1643|1652|1653|1654|1662|1663|1669|1670|1671|1672|1674|1675|1676|1682|1687|1689|1691|1693|1694|1695|1699|1702|1706|1709|1710|1711|1712|1713|1714|1716|1720|1724|1725|1726|1727|1728|1731|1734|1739|1741|1744|1746|1750|1751|1758|1759|1763|1764|1765|1766|1767|1769|1771|1773|1775|1776|1777|1779|1781|1786|1788|1790|1791|1792|1796|1804|1807|1810|1812|1814|1815|1824|1828|1831|1832|1833|1836|1837|1838|1840|1847|1853|1854|1856|1859|1860|1862|1865|1867|1868|1875|1877|1881|1886|1888|1891|1892|1895|1898|1904|1907|1916|1918|1926|1929|1930|1937|1939|1943|1945|1946|1947|1948|1949|1951|1953|1956|1957|1963|1966|1975|1977|1978|1979|1982|1983|1986|1987|1990|1991|1992|1993|1994|1999|2003|2017|2021|2023|2026|2030|2043|2046"
"36106","MithrilJS/mithril.js","7","4","0.16666667","6","60","245","https://github.com/MithrilJS/mithril.js/issues/2133","2133|2134|2137|2138|2139|2141|2142"
"26635","jupyterhub/jupyterhub","176","36","0.006655844","171","888","243","https://github.com/jupyterhub/jupyterhub/issues/2049","2049|3075|2566|3592|2569|3082|2570|2572|2568|2066|2584|2089|1581|3120|1585|2610|3121|3636|3638|3639|1082|3133|3134|3649|3654|1611|3151|3671|3164|3167|3168|2154|3191|3703|3705|3195|3708|3713|3714|3716|3717|3718|3719|3720|3721|3722|3723|3208|2692|3727|3728|3730|3731|3733|3734|3735|2204|3745|3236|2724|2735|2238|3785|2761|2763|3788|3790|3797|3802|1243|3297|3298|3809|2788|3815|3307|3822|2799|2798|3825|3826|3827|3828|2293|2294|2295|3832|3833|3834|2298|3837|766|2816|2819|2824|2825|2826|2830|3857|2840|3865|3868|2848|2852|3877|3878|2855|2341|3880|3881|2854|2858|2860|2856|3886|3887|2864|3377|3378|3897|3899|1852|1853|1854|1851|3390|1345|1346|2881|3908|2885|2887|2889|2891|3918|3923|341|854|3927|855|2905|857|2907|2906|343|858|2911|1890|2424|379|3968|2435|3972|3973|3974|391|3976|2441|2440|1935|1956|1965|942|1966|2500|3012|3019|2001|3540|3548|3037|3045|2545|2549|2552|2555"
"49164","Rapptz/discord.py","3","2","0.33333334","7","12","333","https://github.com/Rapptz/discord.py/issues/2064","2064|2091|2083"
"52493","rematch/rematch","4","2","0.25","2","9","94","https://github.com/rematch/rematch/issues/56","56|48|51|52"
"525","Activiti/Activiti","5","2","0.3","7","6","197","https://github.com/Activiti/Activiti/issues/3393","3393|3401|3402|3385|3386"
"51982","rematch/rematch","68","15","0.016242318","75","481","94","https://github.com/rematch/rematch/issues/769","769|393|395|396|270|399|400|787|788|404|403|663|792|409|276|283|284|797|413|799|800|801|415|803|420|811|812|557|558|428|816|817|818|819|302|821|309|310|824|440|441|443|439|446|447|450|578|720|464|465|467|472|473|474|736|353|483|486|359|360|488|363|760|374|759|376|761|381"
"9486","apache/dubbo","8","3","0.21428572","9","65","402","https://github.com/apache/dubbo/issues/8872","8872|8907|8880|8881|7410|8882|6902|8895"
"45584","Project-OSRM/osrm-backend","4","3","0.25","4","22","136","https://github.com/Project-OSRM/osrm-backend/issues/529","529|596|532|556"
"33040","marko-js/marko","5","4","0.2","6","9","115","https://github.com/marko-js/marko/issues/897","897|898|854|855|892"
"63252","TypeStrong/ts-node","3","1","0.5","10","45","98","https://github.com/TypeStrong/ts-node/issues/184","184|137|163"
"11032","apache/dubbo","4","3","0.25","9","9","402","https://github.com/apache/dubbo/issues/664","664|300|6533|694"
"58392","summernote/summernote","7","4","0.14285715","11","19","292","https://github.com/summernote/summernote/issues/260","260|203|204|240|248|249|122"
"22041","duo-labs/cloudmapper","45","9","0.028282829","47","177","90","https://github.com/duo-labs/cloudmapper/issues/1","1|641|3|2|4|642|524|14|16|18|20|24|153|155|27|539|287|160|37|556|301|557|559|562|52|54|55|696|184|187|713|843|595|221|483|874|875|876|106|494|491|492|881|882|495"
"62490","TypeStrong/ts-node","3","2","0.33333334","18","5","98","https://github.com/TypeStrong/ts-node/issues/1648","1648|1646|1647"
"49179","Rapptz/discord.py","2","1","0.5","3","1","333","https://github.com/Rapptz/discord.py/issues/2074","2074|2075"
"44062","Project-OSRM/osrm-backend","4","2","0.25","7","43","136","https://github.com/Project-OSRM/osrm-backend/issues/802","802|3839|798|791"
"39967","mlflow/mlflow","4","3","0.25","11","25","455","https://github.com/mlflow/mlflow/issues/2201","2201|1769|1750|2455"
"39974","mlflow/mlflow","11","6","0.09090909","18","20","455","https://github.com/mlflow/mlflow/issues/1155","1155|1187|1288|1385|1292|2444|1229|1196|1397|1371|1404"
"16423","casesandberg/react-color","3","2","0.33333334","4","2","80","https://github.com/casesandberg/react-color/issues/704","704|708|628"
"12583","apache/dubbo","9","4","0.11111111","13","8","402","https://github.com/apache/dubbo/issues/3936","3936|3904|3754|3915|3916|3914|3919|3900|3903"
"33832","metafizzy/flickity","22","5","0.04761905","60","92","17","https://github.com/metafizzy/flickity/issues/644","644|390|272|660|808|809|298|817|1086|1091|1098|981|341|348|95|737|231|1128|618|625|506|1022"
"38440","mlflow/mlflow","15","5","0.071428575","4","16","455","https://github.com/mlflow/mlflow/issues/4706","4706|4707|4518|4519|4520|4649|4583|4625|4723|4627|4564|4694|4662|4632|4637"
"16426","casesandberg/react-color","2","1","0.5","3","3","80","https://github.com/casesandberg/react-color/issues/547","547|703"
"20267","deployphp/deployer","4","3","0.25","3","3","306","https://github.com/deployphp/deployer/issues/2560","2560|2545|2525|2526"
"20011","deployphp/deployer","10","2","0.1","2","25","306","https://github.com/deployphp/deployer/issues/3088","3088|3089|3091|3092|3093|3095|3096|3097|3098|3100"
"16428","casesandberg/react-color","44","8","0.026955603","87","187","80","https://github.com/casesandberg/react-color/issues/636","636|258|644|395|652|399|656|401|404|539|540|413|670|548|423|683|684|686|305|307|694|438|184|310|313|316|701|445|66|455|215|216|359|620|364|366|621|365|369|632|371|504|508|511"
"13361","apache/dubbo","9","3","0.11111111","13","12","402","https://github.com/apache/dubbo/issues/2279","2279|2312|2280|2250|2285|1713|2293|2264|2266"
"58936","tensorpack/tensorpack","9","6","0.11111111","11","58","53","https://github.com/tensorpack/tensorpack/issues/1153","1153|1533|325|209|916|1142|631|1181|191"
"36152","MithrilJS/mithril.js","3","2","0.33333334","3","23","245","https://github.com/MithrilJS/mithril.js/issues/2032","2032|2034|2036"
"25658","John-Lluch/SWRevealViewController","9","6","0.11111111","18","155","11","https://github.com/John-Lluch/SWRevealViewController/issues/576","576|448|646|496|563|312|633|637|735"
"33850","metafizzy/flickity","17","7","0.0625","149","249","17","https://github.com/metafizzy/flickity/issues/161","161|962|450|100|193|108|172|205|493|175|365|303|173|174|14|1109|698"
"23869","grpc/grpc-web","2","1","0.5","11","9","99","https://github.com/grpc/grpc-web/issues/769","769|347"
"16446","casesandberg/react-color","2","1","0.5","1","1","80","https://github.com/casesandberg/react-color/issues/648","648|671"
"46143","ptomasroos/react-native-scrollable-tab-view","17","8","0.0625","101","189","68","https://github.com/ptomasroos/react-native-scrollable-tab-view/issues/321","321|609|385|521|813|366|211|628|949|534|215|185|187|667|381|638|445"
"17472","chaijs/chai","4","3","0.25","18","31","156","https://github.com/chaijs/chai/issues/200","200|81|722|188"
"17731","chaijs/chai","5","3","0.2","6","29","156","https://github.com/chaijs/chai/issues/211","211|212|213|214|251"
"37705","mlflow/mlflow","10","5","0.11111111","17","50","455","https://github.com/mlflow/mlflow/issues/2628","2628|5350|493|269|5199|5778|5458|5208|5593|155"
"19279","deepinsight/insightface","13","4","0.07692308","127","269","42","https://github.com/deepinsight/insightface/issues/256","256|193|291|265|649|554|505|206|537|789|214|313|187"
"46927","Rapptz/discord.py","200","15","0.0065326635","362","777","333","https://github.com/Rapptz/discord.py/issues/1","1|2|513|5126|6663|6150|2567|1031|5131|5133|1550|2578|1554|21|5142|5143|5144|5145|539|5149|5150|6175|1565|1574|5159|5160|6697|6193|6194|4146|56|57|1592|59|1594|61|4159|6722|7753|4169|75|4171|1610|6222|5200|5201|2645|1110|2135|4186|4188|1116|4191|7264|100|1637|102|4202|1648|2161|5745|4210|1150|4222|6784|5760|5761|5759|6281|7305|6283|1166|1685|1687|1690|7842|2211|1702|6825|7858|5819|6652|1726|6851|2244|2254|5846|5847|222|1249|1766|1768|2282|5867|1774|5871|5880|5882|5889|6914|264|777|6925|2318|6414|2320|5910|2336|813|5942|7992|5951|5955|5959|5971|6996|2392|5978|5980|1892|8039|5991|7017|1387|2417|1393|6516|1396|2422|2423|1399|2425|2424|1401|2429|1408|2434|6020|2436|900|903|1928|7049|1421|6030|6553|6041|6554|6556|3996|2462|6047|1434|7075|1444|1957|6054|423|7594|4011|2476|6061|7595|2475|7605|1461|6078|1471|2499|6084|1478|969|2512|5072|5076|5078|1500|8158|990|4064|991|994|995|1510|8167|8168|1515|5100|2544|2033|8180|5109|6134|5111|2549|5113|5114|5116|5117|5119"
"22611","fantasyland/fantasy-land","139","17","0.010582838","116","1955","53","https://github.com/fantasyland/fantasy-land/issues/1","1|2|3|4|7|11|12|13|14|16|20|21|23|24|25|30|31|33|50|52|53|56|60|61|62|66|68|73|82|85|86|88|90|91|92|96|97|102|103|117|118|119|120|122|124|128|130|131|132|133|134|135|136|137|138|141|144|145|146|147|149|150|151|152|154|157|158|160|162|163|164|168|169|170|171|172|173|174|176|177|179|180|181|184|185|186|187|188|192|193|194|195|197|199|200|201|203|205|206|207|213|214|219|220|221|222|223|224|228|229|233|235|236|239|240|241|242|244|250|259|261|273|274|276|278|280|281|283|284|285|286|290|291|298|310|315|317|320|327"
"49494","Rapptz/discord.py","2","1","0.5","4","6","333","https://github.com/Rapptz/discord.py/issues/1658","1658|1659"
"16982","cglib/cglib","21","9","0.05952381","34","169","19","https://github.com/cglib/cglib/issues/1","1|3|4|5|6|7|8|9|11|15|18|19|20|21|23|32|33|34|43|89|90"
"46939","Rapptz/discord.py","10","3","0.14444445","93","185","333","https://github.com/Rapptz/discord.py/issues/8162","8162|1282|1094|2598|2568|6507|333|2200|1755|444"
"30049","kubernetes-sigs/kustomize","6","4","0.16666667","14","36","319","https://github.com/kubernetes-sigs/kustomize/issues/2208","2208|2761|2762|3276|2768|2769"
"36194","MithrilJS/mithril.js","2","1","0.5","6","14","245","https://github.com/MithrilJS/mithril.js/issues/1952","1952|1427"
"40802","mlflow/mlflow","15","9","0.06666667","18","69","455","https://github.com/mlflow/mlflow/issues/288","288|225|194|99|100|96|230|164|1163|300|1037|82|147|153|218"
"25443","jhen0409/react-native-debugger","4","2","0.33333334","6","7","58","https://github.com/jhen0409/react-native-debugger/issues/201","201|202|198|194"
"34664","mgonto/restangular","14","4","0.093406595","30","52","114","https://github.com/mgonto/restangular/issues/1090","1090|1381|1254|585|139|1007|1008|465|467|1015|858|957|413|1471"
"12904","apache/dubbo","65","5","0.015384615","34","132","402","https://github.com/apache/dubbo/issues/2177","2177|1671|1806|1679|1680|1681|1682|1683|2196|1685|1684|1687|2200|1689|1690|1691|1692|2205|1694|1695|1696|1697|1698|1699|1700|1701|1702|1958|1832|1688|2094|1715|1716|1718|1721|1726|2239|1859|1693|1809|1736|1738|1868|1741|1949|1487|2257|2260|2261|2004|2263|1885|1889|1891|2406|1898|2284|3053|2288|1776|1904|1906|2041|2042|1787"
"15465","archriss/react-native-snap-carousel","177","12","0.0072868518","588","1641","38","https://github.com/archriss/react-native-snap-carousel/issues/513","513|2|3|1|9|11|12|22|536|538|26|27|31|33|34|547|36|35|38|39|552|40|554|41|45|558|559|48|51|564|567|56|58|572|63|71|73|75|589|79|81|82|601|89|90|604|608|100|102|615|614|617|103|110|623|624|627|632|636|637|643|133|647|648|145|659|666|157|671|159|161|672|673|678|681|173|690|691|180|183|696|189|703|704|193|194|195|709|199|713|202|203|721|209|213|217|221|734|225|226|228|232|745|235|237|238|750|754|242|756|244|247|760|250|257|260|261|262|264|787|275|277|278|282|288|292|296|809|302|303|304|313|316|835|325|840|329|842|328|337|338|341|344|347|349|357|358|363|368|369|884|373|375|378|386|395|402|409|411|417|419|425|430|434|436|443|449|465|469|472|476|478|479|487|491|495|496"
"16491","casesandberg/react-color","2","1","0.5","3","7","80","https://github.com/casesandberg/react-color/issues/584","584|599"
"34155","metafizzy/flickity","4","3","0.25","34","63","17","https://github.com/metafizzy/flickity/issues/729","729|564|741|534"
"41067","mlflow/mlflow","5","1","0.5","5","4","455","https://github.com/mlflow/mlflow/issues/705","705|707|708|710|606"
"13677","apache/dubbo","11","3","0.1","23","38","402","https://github.com/apache/dubbo/issues/768","768|1761|1760|131|610|906|908|781|400|401|722"
"24942","iron/iron","7","3","0.16666667","4","15","132","https://github.com/iron/iron/issues/105","105|106|108|109|112|93|94"
"22130","duo-labs/cloudmapper","11","4","0.12727273","27","53","90","https://github.com/duo-labs/cloudmapper/issues/161","161|164|166|167|203|205|432|755|340|412|540"
"34418","metafizzy/flickity","7","3","0.14285715","17","31","17","https://github.com/metafizzy/flickity/issues/64","64|388|6|109|18|19|31"
"22386","duo-labs/cloudmapper","5","4","0.2","1","4","90","https://github.com/duo-labs/cloudmapper/issues/98","98|387|386|330|348"
"36212","MithrilJS/mithril.js","9","6","0.125","7","25","245","https://github.com/MithrilJS/mithril.js/issues/1760","1760|1768|1752|1905|1912|1909|1784|1753|1755"
"16501","casesandberg/react-color","3","2","0.33333334","15","20","80","https://github.com/casesandberg/react-color/issues/585","585|565|566"
"29302","kubernetes-sigs/kustomize","1268","25","0.0010637662","1291","8065","319","https://github.com/kubernetes-sigs/kustomize/issues/1","1|2|3|13|17|18|19|22|32|38|42|50|54|55|65|70|81|85|86|89|91|97|105|107|109|119|122|125|126|131|133|134|135|136|140|141|143|146|147|154|156|157|159|160|164|165|166|168|169|173|177|181|183|185|186|187|189|202|204|207|210|211|217|218|219|226|227|229|230|233|234|236|237|245|248|254|259|260|261|262|264|267|273|275|279|286|288|291|295|298|300|301|304|305|306|307|309|316|318|319|322|323|324|327|330|334|347|350|353|354|358|359|360|362|363|365|370|388|401|409|412|413|414|459|464|476|477|479|480|483|486|489|493|494|497|498|499|501|504|506|511|519|525|526|529|531|547|549|552|554|557|559|561|562|567|578|579|584|585|586|590|592|594|596|597|598|601|603|605|606|610|612|617|623|624|627|631|633|634|641|649|652|662|669|670|673|677|680|681|682|683|685|687|691|692|693|694|700|703|706|710|714|718|720|727|731|741|742|746|747|749|750|752|753|755|756|758|759|760|761|763|764|766|774|776|779|780|782|792|797|798|800|805|815|817|821|822|824|833|836|839|841|845|847|850|851|857|864|865|868|878|881|882|883|885|887|888|890|891|892|894|896|897|898|903|904|909|910|911|913|914|916|917|921|923|928|929|932|935|937|939|942|943|947|952|956|960|964|967|970|971|972|973|975|976|977|978|981|985|986|987|988|991|995|996|998|1009|1013|1028|1037|1038|1041|1044|1069|1074|1082|1083|1104|1106|1111|1113|1120|1127|1132|1142|1146|1147|1151|1152|1154|1155|1157|1166|1167|1168|1171|1179|1183|1184|1185|1190|1203|1206|1208|1216|1217|1218|1219|1220|1221|1230|1232|1233|1243|1244|1248|1249|1250|1251|1252|1253|1258|1264|1266|1267|1268|1271|1272|1278|1279|1280|1282|1283|1284|1286|1289|1290|1291|1292|1295|1297|1298|1299|1301|1302|1304|1310|1316|1317|1321|1323|1325|1326|1327|1328|1330|1332|1339|1342|1344|1345|1346|1351|1352|1355|1357|1358|1359|1363|1366|1367|1368|1369|1370|1371|1372|1377|1378|1379|1380|1387|1390|1391|1400|1404|1405|1406|1407|1417|1424|1431|1436|1437|1451|1452|1459|1482|1485|1488|1491|1493|1497|1500|1504|1508|1510|1522|1523|1526|1529|1531|1532|1534|1535|1540|1545|1551|1553|1555|1556|1567|1568|1569|1580|1585|1592|1594|1600|1609|1615|1619|1620|1626|1627|1631|1634|1637|1641|1646|1647|1648|1652|1666|1683|1685|1697|1700|1710|1713|1721|1733|1734|1735|1736|1737|1738|1747|1749|1756|1770|1772|1782|1785|1787|1794|1804|1809|1816|1820|1822|1823|1835|1839|1859|1887|1893|1901|1902|1904|1910|1911|1917|1918|1956|1962|1966|1992|1993|1995|2034|2037|2052|2056|2068|2071|2072|2073|2080|2105|2156|2161|2167|2168|2169|2179|2180|2182|2190|2192|2204|2205|2217|2243|2255|2256|2259|2260|2263|2264|2273|2275|2278|2280|2281|2288|2290|2294|2297|2298|2299|2301|2305|2312|2339|2340|2349|2352|2356|2357|2360|2373|2378|2380|2389|2417|2422|2438|2444|2459|2460|2465|2467|2492|2494|2500|2506|2512|2525|2537|2538|2546|2548|2563|2564|2575|2579|2585|2588|2607|2609|2610|2616|2626|2635|2639|2640|2643|2651|2663|2668|2669|2670|2675|2678|2679|2694|2697|2704|2713|2717|2721|2726|2732|2734|2735|2737|2739|2740|2744|2748|2750|2752|2754|2755|2756|2758|2767|2776|2777|2791|2796|2805|2808|2809|2810|2812|2813|2819|2820|2821|2822|2824|2825|2829|2831|2832|2833|2842|2847|2861|2869|2870|2876|2877|2880|2886|2893|2894|2906|2907|2915|2924|2931|2934|2937|2950|2961|2968|2970|2978|2987|2995|3000|3004|3009|3021|3027|3031|3033|3043|3047|3048|3059|3061|3062|3063|3065|3070|3073|3075|3090|3091|3098|3102|3109|3111|3116|3117|3118|3122|3123|3125|3127|3129|3136|3137|3142|3144|3148|3157|3158|3159|3167|3170|3172|3173|3175|3176|3177|3182|3183|3188|3191|3195|3197|3200|3201|3204|3205|3206|3207|3228|3231|3233|3239|3241|3244|3246|3247|3248|3253|3257|3260|3261|3262|3263|3264|3265|3269|3271|3274|3279|3280|3286|3291|3295|3296|3297|3299|3302|3303|3304|3305|3312|3315|3316|3321|3324|3329|3335|3336|3337|3343|3345|3352|3353|3358|3364|3365|3368|3370|3372|3379|3381|3382|3383|3384|3385|3387|3392|3393|3394|3395|3396|3397|3398|3401|3412|3417|3418|3421|3424|3425|3426|3427|3428|3429|3430|3432|3433|3436|3437|3438|3440|3441|3446|3449|3451|3452|3453|3455|3458|3460|3461|3464|3469|3472|3473|3479|3485|3486|3489|3491|3492|3493|3497|3500|3502|3505|3512|3518|3521|3525|3528|3529|3532|3536|3548|3549|3556|3559|3568|3578|3585|3586|3588|3589|3598|3601|3605|3610|3614|3617|3625|3626|3630|3639|3640|3644|3647|3655|3659|3661|3663|3664|3665|3666|3667|3668|3669|3670|3671|3672|3675|3679|3688|3692|3694|3698|3700|3705|3709|3710|3711|3715|3716|3718|3721|3722|3726|3727|3735|3737|3741|3743|3745|3746|3747|3756|3758|3761|3771|3772|3773|3778|3779|3782|3784|3787|3789|3794|3803|3812|3815|3816|3819|3823|3824|3825|3827|3829|3830|3831|3832|3833|3838|3842|3845|3849|3852|3873|3879|3885|3886|3888|3891|3896|3898|3912|3913|3914|3915|3924|3926|3934|3942|3944|3945|3946|3947|3952|3953|3956|3961|3963|3965|3969|3970|3973|3974|3975|3976|3978|3979|3980|3982|3986|3994|3995|3997|3999|4001|4002|4004|4009|4011|4012|4013|4017|4019|4024|4026|4027|4028|4029|4030|4031|4033|4034|4039|4041|4042|4043|4044|4045|4046|4048|4049|4053|4054|4055|4059|4061|4065|4074|4075|4078|4079|4080|4085|4086|4088|4090|4091|4093|4094|4095|4097|4099|4100|4102|4103|4108|4114|4115|4117|4120|4121|4123|4125|4126|4129|4132|4133|4135|4140|4142|4144|4147|4152|4154|4166|4170|4175|4176|4187|4190|4191|4202|4212|4213|4215|4219|4220|4222|4223|4224|4227|4229|4231|4232|4237|4238|4239|4244|4245|4248|4249|4250|4251|4252|4253|4254|4256|4258|4259|4262|4264|4269|4275|4278|4279|4280|4286|4288|4290|4292|4296|4300|4303|4304|4305|4308|4311|4323|4324|4326|4333|4334|4335|4337|4338|4340|4345|4346|4347|4348|4350|4351|4353|4359|4360|4365|4366|4381|4383|4386|4389|4391|4392|4394|4396|4400|4401|4402|4403|4404|4414|4416|4419|4421|4424|4427|4430|4432|4435|4436|4437|4451|4453|4454|4455|4456|4457|4459|4460|4461|4464|4469|4472|4474|4475|4476|4483|4489|4491|4497|4498|4500|4502|4503|4504|4506|4508|4509|4512|4516|4517|4518|4519|4523|4524|4537|4542|4557|4558|4559|4560|4561|4562|4564|4565|4566|4567|4568|4569|4571|4572|4574|4577|4579|4582|4583|4586|4588|4590|4593|4594|4604|4605|4606|4607|4608|4611|4614|4615|4620|4622|4623|4624|4628|4633|4634|4639|4640|4648|4652|4654|4658|4661|4664|4666|4667|4668|4669|4671|4677|4679|4682|4683|4686|4691|4694|4700|4701|4702|4703|4709"
"22393","duo-labs/cloudmapper","17","6","0.06985294","14","49","90","https://github.com/duo-labs/cloudmapper/issues/352","352|291|36|5|6|355|71|73|361|75|79|368|83|84|343|59|316"
"26745","jupyterhub/jupyterhub","16","6","0.075","33","98","243","https://github.com/jupyterhub/jupyterhub/issues/3808","3808|3746|3715|3780|3813|1477|1540|3757|3758|3759|3729|1363|3027|3701|3737|3711"
"60281","tiny-dnn/tiny-dnn","282","29","0.0043789907","144","2346","72","https://github.com/tiny-dnn/tiny-dnn/issues/1","1|2|3|4|5|518|6|8|9|522|10|7|520|527|16|529|21|513|24|537|538|514|540|543|545|548|551|552|39|553|554|41|557|558|559|560|564|566|568|569|570|573|574|576|577|578|71|75|600|601|604|605|608|612|613|615|619|620|108|631|634|639|641|643|649|138|651|652|655|143|144|146|657|148|149|662|658|147|153|154|667|156|670|672|674|163|677|166|679|168|681|171|684|687|688|689|690|175|692|181|694|182|184|186|187|188|699|192|193|706|197|198|199|200|201|714|202|716|718|206|208|207|722|210|212|215|729|731|219|733|221|735|222|226|228|229|233|747|235|237|749|751|236|244|757|249|251|254|766|256|257|769|770|261|262|264|268|782|271|273|786|276|277|278|283|286|289|803|804|805|291|295|294|806|298|299|300|814|302|303|305|820|828|316|319|321|834|324|335|339|854|855|350|864|354|356|873|363|878|879|368|886|887|376|377|891|380|381|898|387|388|901|390|393|909|397|911|399|400|915|916|917|918|407|404|921|410|411|417|930|931|420|421|932|935|418|939|427|942|947|948|949|439|443|444|960|449|453|454|455|968|457|458|971|459|463|978|979|466|470|984|985|986|987|989|481|994|995|996|997|484|485|488|492|494|495|499|500|501|508|509|511"
"123","Activiti/Activiti","4","2","0.25","3","0","197","https://github.com/Activiti/Activiti/issues/3873","3873|3826|3828|3825"
"21886","deployphp/deployer","2","1","0.5","1","4","306","https://github.com/deployphp/deployer/issues/176","176|143"
"383","Activiti/Activiti","2","1","0.5","6","1","197","https://github.com/Activiti/Activiti/issues/3571","3571|3572"
"56191","summernote/summernote","56","14","0.01883117","95","235","292","https://github.com/summernote/summernote/issues/2048","2048|387|645|903|904|3466|907|2834|2835|1301|1819|2076|2075|1948|926|928|1185|1311|933|2342|935|805|1193|2101|2229|2615|437|60|2366|62|447|1217|963|2373|2377|331|2253|80|1875|2391|1498|93|1501|1248|96|2276|3432|1385|2666|3305|1258|1257|111|880|3060|3448"
"54915","sosedoff/pgweb","2","1","0.5","3","19","44","https://github.com/sosedoff/pgweb/issues/480","480|222"
"16771","casesandberg/react-color","5","3","0.3","11","16","80","https://github.com/casesandberg/react-color/issues/101","101|166|167|137|154"
"18052","cruffenach/CRToast","4","3","0.25","3","7","27","https://github.com/cruffenach/CRToast/issues/16","16|8|10|21"
"37510","mlflow/mlflow","81","19","0.014351852","172","460","455","https://github.com/mlflow/mlflow/issues/3077","3077|3086|3601|2581|2071|3608|2075|3108|4135|3116|2607|2608|3632|2045|1093|3144|2150|2662|3177|2671|629|3206|2697|2701|2215|2728|5293|5295|3766|2744|2752|2753|3792|2263|3296|4839|4337|2802|3319|3320|2809|3325|1790|2834|1813|810|2872|832|3393|4419|4426|842|4946|851|861|3430|2924|6004|2421|902|3463|5010|917|4014|1970|1971|6069|5045|4022|6075|4037|5575|5070|6095|3034|3557|3046|2544|1009|2044|3069"
"1162","Activiti/Activiti","23","4","0.0513834","13","54","197","https://github.com/Activiti/Activiti/issues/2182","2182|2444|2574|2230|2231|2369|2371|2372|2373|2514|2516|2389|2390|2397|2148|2149|2150|2151|2417|2546|2420|2549|2174"
"40078","mlflow/mlflow","2","1","0.5","12","25","455","https://github.com/mlflow/mlflow/issues/2289","2289|1487"
"33938","metafizzy/flickity","10","2","0.1","40","62","17","https://github.com/metafizzy/flickity/issues/132","132|744|330|524|77|1006|212|501|377|255"
"17813","chaijs/chai","2","1","0.5","16","18","156","https://github.com/chaijs/chai/issues/107","107|86"
"17046","chaijs/chai","2","1","0.5","1","3","156","https://github.com/chaijs/chai/issues/1458","1458|1358"
"58774","SwipeCellKit/SwipeCellKit","4","2","0.41666666","22","45","21","https://github.com/SwipeCellKit/SwipeCellKit/issues/4","4|188|45|142"
"1433","Activiti/Activiti","7","4","0.14285715","3","12","197","https://github.com/Activiti/Activiti/issues/2214","2214|2215|2216|2198|2199|2200|2172"
"42649","Project-OSRM/osrm-backend","1879","29","8.161503E-4","651","9450","136","https://github.com/Project-OSRM/osrm-backend/issues/1","1|2|3|4|5|6|7|8|9|10|11|12|13|14|15|16|17|18|19|20|21|22|23|24|25|26|27|28|29|30|31|32|33|34|35|36|37|38|39|40|41|42|43|44|45|46|47|48|49|55|64|65|67|68|77|78|80|84|90|96|100|102|116|138|139|140|144|145|146|153|156|165|167|181|184|188|189|192|193|194|198|204|205|212|219|228|234|237|238|240|243|247|255|271|276|282|285|288|290|300|308|311|315|318|322|323|326|333|334|341|346|347|358|362|388|389|401|408|409|412|414|416|420|425|430|439|440|476|477|482|483|494|497|501|505|514|515|516|518|519|524|527|534|542|544|546|555|559|569|571|574|576|581|583|584|586|590|592|602|604|605|607|610|612|626|631|633|639|646|651|653|660|661|664|665|668|671|681|682|683|684|685|686|688|696|706|717|718|726|729|733|735|740|744|746|747|754|773|784|801|820|825|840|843|858|859|860|874|878|879|880|882|883|885|886|888|889|892|899|902|908|909|924|926|930|941|955|956|957|966|970|979|980|984|998|1000|1015|1020|1026|1028|1029|1030|1033|1038|1047|1052|1056|1059|1060|1062|1063|1064|1065|1066|1067|1069|1070|1073|1075|1077|1081|1088|1089|1090|1094|1095|1101|1102|1112|1121|1143|1145|1153|1154|1162|1165|1167|1168|1182|1193|1196|1199|1204|1206|1208|1210|1221|1223|1225|1226|1229|1230|1231|1235|1236|1237|1247|1248|1250|1251|1256|1263|1266|1277|1293|1298|1299|1317|1318|1321|1324|1325|1331|1332|1335|1340|1342|1353|1354|1356|1363|1369|1371|1374|1375|1386|1387|1388|1389|1390|1405|1413|1414|1442|1447|1448|1450|1452|1454|1457|1463|1464|1472|1484|1487|1490|1501|1502|1506|1508|1510|1514|1527|1532|1534|1541|1560|1562|1567|1572|1575|1580|1581|1586|1590|1601|1611|1612|1614|1615|1617|1619|1624|1625|1626|1628|1633|1635|1637|1639|1642|1646|1647|1663|1664|1675|1678|1681|1682|1683|1685|1692|1695|1697|1698|1701|1702|1709|1712|1714|1719|1722|1724|1726|1728|1729|1731|1734|1735|1736|1737|1741|1749|1759|1760|1763|1765|1767|1777|1778|1785|1789|1793|1796|1797|1798|1802|1804|1810|1811|1820|1827|1828|1830|1831|1832|1838|1842|1844|1845|1846|1849|1857|1861|1863|1869|1888|1891|1892|1894|1896|1898|1899|1900|1901|1902|1905|1907|1915|1919|1920|1921|1922|1923|1925|1933|1935|1936|1940|1942|1944|1947|1953|1956|1958|1966|1971|1973|1974|1975|1978|1982|1986|1991|1993|1994|1996|2000|2002|2005|2006|2007|2009|2012|2016|2020|2024|2025|2029|2031|2032|2036|2041|2042|2043|2045|2052|2054|2055|2058|2060|2061|2074|2077|2079|2080|2083|2084|2087|2088|2090|2093|2096|2100|2101|2102|2108|2109|2113|2114|2116|2120|2121|2123|2126|2127|2133|2134|2135|2136|2138|2139|2141|2144|2154|2155|2156|2159|2161|2162|2164|2165|2166|2167|2168|2170|2173|2177|2179|2181|2188|2189|2192|2193|2198|2201|2211|2212|2213|2214|2215|2216|2217|2218|2219|2220|2221|2222|2229|2231|2236|2237|2241|2242|2246|2248|2251|2253|2254|2258|2262|2263|2264|2267|2268|2269|2270|2273|2275|2277|2279|2283|2284|2287|2289|2291|2292|2293|2295|2296|2297|2298|2299|2300|2301|2302|2303|2304|2305|2306|2311|2312|2318|2319|2321|2322|2324|2325|2327|2328|2329|2337|2344|2345|2349|2350|2351|2355|2368|2370|2371|2374|2377|2378|2382|2383|2384|2390|2399|2410|2414|2418|2420|2424|2430|2443|2445|2452|2464|2465|2466|2469|2472|2473|2477|2482|2488|2489|2494|2497|2502|2503|2504|2511|2513|2520|2527|2529|2533|2534|2540|2545|2553|2557|2570|2573|2575|2577|2584|2585|2586|2590|2592|2593|2594|2598|2601|2604|2610|2612|2614|2617|2618|2619|2621|2622|2624|2625|2626|2628|2631|2632|2633|2634|2635|2636|2638|2640|2642|2643|2645|2647|2648|2650|2652|2653|2655|2656|2657|2658|2660|2661|2662|2663|2664|2666|2670|2671|2672|2673|2675|2679|2681|2682|2684|2687|2689|2690|2693|2695|2700|2702|2704|2705|2707|2716|2717|2718|2725|2726|2727|2738|2741|2742|2743|2744|2745|2746|2750|2752|2758|2763|2764|2765|2771|2772|2773|2774|2775|2776|2777|2778|2779|2780|2781|2782|2785|2786|2787|2788|2790|2791|2795|2800|2801|2802|2803|2804|2805|2810|2814|2816|2818|2821|2822|2823|2829|2831|2832|2833|2834|2837|2841|2843|2844|2845|2849|2850|2851|2852|2853|2854|2856|2857|2858|2859|2865|2866|2867|2868|2885|2886|2888|2894|2900|2905|2909|2912|2918|2921|2922|2926|2927|2928|2931|2934|2935|2936|2937|2938|2940|2941|2943|2944|2945|2953|2954|2955|2956|2959|2963|2964|2965|2968|2969|2971|2973|2975|2982|2983|2984|2988|2989|2990|2991|2992|2995|2996|3003|3009|3010|3011|3012|3013|3015|3016|3017|3018|3020|3021|3022|3023|3024|3025|3027|3028|3033|3036|3038|3039|3042|3043|3046|3047|3052|3053|3055|3059|3061|3062|3063|3064|3068|3072|3074|3075|3077|3080|3081|3082|3084|3085|3088|3089|3090|3093|3094|3096|3097|3098|3099|3100|3102|3103|3105|3106|3107|3108|3109|3111|3112|3114|3116|3119|3120|3121|3122|3123|3130|3132|3133|3135|3136|3138|3139|3140|3141|3142|3143|3145|3146|3147|3148|3156|3158|3159|3160|3162|3163|3165|3166|3167|3170|3172|3178|3180|3182|3183|3196|3199|3202|3203|3204|3205|3206|3207|3208|3210|3211|3212|3217|3219|3221|3223|3224|3225|3228|3234|3235|3238|3241|3245|3248|3249|3250|3253|3254|3255|3256|3257|3259|3260|3261|3263|3264|3265|3266|3269|3272|3275|3276|3277|3278|3281|3282|3283|3285|3289|3293|3294|3296|3298|3299|3303|3304|3308|3311|3312|3313|3315|3316|3317|3319|3321|3323|3324|3325|3327|3329|3332|3333|3335|3337|3341|3342|3348|3349|3350|3351|3352|3354|3358|3359|3360|3361|3362|3363|3364|3365|3368|3369|3371|3376|3377|3378|3380|3382|3383|3384|3385|3386|3389|3400|3409|3412|3413|3414|3415|3416|3419|3420|3422|3427|3429|3430|3433|3434|3435|3436|3440|3441|3443|3444|3445|3446|3447|3448|3451|3456|3457|3458|3459|3464|3466|3467|3469|3470|3473|3475|3478|3480|3481|3485|3487|3489|3490|3491|3493|3495|3496|3497|3499|3500|3501|3507|3516|3517|3520|3522|3524|3525|3528|3536|3542|3545|3547|3552|3553|3555|3556|3557|3558|3560|3561|3563|3566|3568|3571|3573|3574|3576|3577|3578|3579|3581|3583|3585|3586|3587|3590|3591|3592|3594|3597|3600|3601|3603|3606|3611|3612|3613|3615|3616|3619|3620|3621|3625|3627|3628|3629|3632|3633|3635|3636|3637|3638|3639|3640|3641|3643|3644|3645|3646|3647|3648|3651|3652|3653|3654|3655|3656|3661|3663|3664|3668|3676|3677|3683|3684|3685|3686|3687|3688|3689|3691|3692|3696|3705|3711|3712|3719|3721|3722|3724|3729|3730|3731|3737|3738|3740|3745|3747|3748|3749|3752|3753|3759|3762|3764|3765|3766|3767|3768|3770|3775|3777|3779|3780|3782|3783|3785|3788|3790|3792|3793|3797|3798|3799|3800|3801|3803|3805|3808|3809|3813|3814|3816|3818|3820|3823|3826|3830|3831|3832|3833|3834|3835|3838|3840|3841|3842|3843|3844|3845|3846|3848|3849|3851|3857|3858|3861|3862|3866|3869|3872|3873|3874|3875|3877|3882|3883|3884|3887|3888|3890|3892|3895|3896|3899|3902|3903|3904|3905|3906|3908|3911|3913|3919|3920|3922|3923|3926|3928|3929|3931|3932|3941|3944|3946|3951|3952|3953|3954|3955|3956|3960|3961|3962|3963|3964|3966|3969|3971|3973|3977|3978|3979|3980|3983|3984|3991|3994|3996|4006|4007|4008|4015|4018|4019|4020|4023|4024|4026|4027|4028|4029|4030|4031|4033|4035|4036|4038|4039|4044|4046|4047|4053|4056|4057|4059|4060|4063|4065|4068|4069|4071|4072|4073|4074|4075|4076|4077|4080|4081|4086|4089|4097|4098|4100|4101|4102|4104|4107|4108|4110|4129|4130|4131|4133|4135|4137|4141|4147|4150|4152|4158|4162|4166|4167|4169|4172|4176|4177|4178|4180|4182|4183|4189|4190|4191|4192|4194|4197|4199|4203|4204|4209|4212|4213|4214|4215|4221|4222|4226|4227|4231|4233|4234|4236|4240|4241|4242|4250|4251|4255|4260|4261|4264|4265|4266|4267|4268|4269|4270|4271|4272|4273|4274|4275|4284|4285|4287|4289|4290|4291|4292|4294|4295|4296|4311|4314|4315|4317|4318|4322|4326|4327|4331|4332|4333|4337|4342|4347|4348|4358|4364|4366|4367|4368|4369|4370|4372|4373|4379|4380|4384|4396|4398|4402|4406|4409|4414|4415|4423|4425|4426|4427|4428|4434|4437|4438|4439|4443|4444|4447|4449|4450|4452|4456|4465|4470|4478|4480|4482|4484|4490|4491|4492|4493|4497|4499|4504|4505|4511|4512|4513|4514|4515|4517|4518|4521|4523|4524|4527|4528|4535|4537|4540|4543|4544|4545|4547|4551|4552|4553|4554|4555|4556|4558|4559|4560|4566|4567|4570|4571|4572|4574|4575|4576|4577|4585|4586|4587|4588|4589|4590|4591|4593|4594|4597|4598|4601|4602|4603|4604|4607|4613|4617|4618|4619|4620|4622|4623|4629|4630|4631|4632|4633|4639|4644|4645|4649|4655|4656|4664|4667|4668|4673|4674|4676|4677|4685|4686|4690|4697|4704|4706|4708|4712|4716|4719|4720|4721|4725|4729|4736|4741|4751|4756|4774|4775|4776|4780|4782|4786|4788|4789|4798|4800|4812|4816|4820|4823|4826|4828|4842|4858|4867|4868|4870|4873|4874|4875|4876|4877|4879|4881|4895|4896|4901|4928|4929|4942|4946|4950|4952|4953|4955|4958|4960|4965|4969|4972|4975|4977|4978|4979|4982|4988|4989|4990|4998|5002|5004|5013|5015|5016|5019|5027|5029|5032|5034|5037|5041|5049|5050|5051|5053|5057|5058|5061|5066|5067|5068|5072|5073|5076|5077|5081|5082|5091|5092|5099|5104|5113|5128|5130|5131|5134|5137|5141|5155|5164|5167|5175|5182|5190|5197|5201|5208|5209|5213|5218|5241|5242|5244|5251|5253|5261|5265|5270|5288|5304|5307|5320|5325|5331|5333|5334|5346|5351|5367|5384|5385|5423|5435|5436|5438|5442|5452|5487|5496|5503|5510|5512|5513|5533|5541|5548|5554|5558|5584|5586|5616|5628|5650|5663|5667|5673|5707|5717|5719|5720|5723|5729|5732|5741|5769|5786|5838|5840|5843|5849|5851|5860|5861|5866|5873|5879|5886|5907|5910|5918|5921|5926|5930|5941|5945|5946|5950|5953|5967|5968|5969|5974|5988|5996|5999|6012|6013|6016|6020|6021|6024|6026|6030|6031|6034|6045|6048|6069|6072|6084|6085|6089|6091|6100|6107|6121|6122|6123|6124|6126|6128|6129|6145|6153|6159|6166|6167|6168|6169|6188|6205|6208|6215|6218|6234|6243"
"36000","MithrilJS/mithril.js","4","3","0.25","4","4","245","https://github.com/MithrilJS/mithril.js/issues/2392","2392|2313|2333|2335"
"52640","rlidwka/sinopia","3","1","0.5","13","21","20","https://github.com/rlidwka/sinopia/issues/356","356|289|124"
"17062","chaijs/chai","8","2","0.3392857","6","12","156","https://github.com/chaijs/chai/issues/1430","1430|1431|1432|1433|1434|1436|1437|1439"
"34730","mgonto/restangular","9","6","0.11111111","55","90","114","https://github.com/mgonto/restangular/issues/1088","1088|1284|1065|1321|749|1012|1397|1303|1274"
"430","Activiti/Activiti","2","1","0.5","7","3","197","https://github.com/Activiti/Activiti/issues/3518","3518|3519"
"34735","mgonto/restangular","6","3","0.16666667","22","46","114","https://github.com/mgonto/restangular/issues/1376","1376|420|1068|720|1392|538"
"59574","tensorpack/tensorpack","5","3","0.2","2","26","53","https://github.com/tensorpack/tensorpack/issues/802","802|816|795|797|830"
"17078","chaijs/chai","399","15","0.004275765","498","2730","156","https://github.com/chaijs/chai/issues/2","2|4|5|7|16|41|56|72|78|82|94|97|117|120|124|125|139|147|149|150|154|167|193|195|218|227|228|230|239|244|246|249|264|270|272|281|285|286|297|302|304|306|321|324|326|329|330|332|337|338|339|346|355|358|363|364|366|371|377|384|390|393|394|399|407|410|415|425|426|427|428|429|430|436|440|441|445|455|457|460|464|467|469|470|472|473|475|476|491|496|498|499|501|502|503|506|507|508|509|511|514|515|518|526|528|530|531|544|549|551|552|557|558|559|562|572|574|575|576|578|585|588|589|590|594|596|601|604|605|606|607|608|610|620|621|632|633|634|635|641|642|643|644|645|646|648|654|655|659|660|661|662|665|668|669|670|672|674|675|676|677|678|680|681|682|683|684|688|689|690|691|692|693|697|700|701|702|703|706|709|710|716|717|718|721|723|724|726|727|728|736|737|739|742|743|744|745|746|751|752|756|757|758|760|761|763|765|766|768|770|771|772|773|774|775|776|780|781|782|783|784|785|787|788|789|790|791|792|793|794|795|796|797|799|800|801|804|806|807|808|810|812|814|815|816|819|820|821|824|825|827|828|829|830|837|838|840|841|844|846|852|856|858|860|862|863|867|868|870|872|875|877|878|880|881|882|884|885|887|890|891|892|893|896|897|899|900|901|902|904|905|907|909|914|916|917|918|919|920|922|923|924|925|926|929|930|932|934|938|939|940|941|945|947|951|955|956|962|963|964|966|968|969|970|971|972|978|979|980|981|985|986|988|989|990|992|993|994|996|997|998|1000|1004|1008|1009|1010|1011|1012|1014|1015|1016|1019|1021|1024|1042|1046|1051|1052|1055|1056|1060|1065|1070|1071|1079|1083|1084|1085|1086|1089|1090|1096|1097|1103|1108|1109|1110|1118|1120|1124|1127|1128|1132|1137|1146|1150|1153|1159|1166|1188|1237|1240|1254|1259|1260|1261|1310|1405|1414"
"62392","TypeStrong/ts-node","437","18","0.0031700712","1100","3201","98","https://github.com/TypeStrong/ts-node/issues/1","1|4|8|12|24|26|44|56|59|73|104|113|116|130|131|135|138|153|155|156|158|168|179|182|210|212|216|219|234|245|246|254|256|257|258|266|271|272|278|283|284|285|286|293|294|295|298|308|309|312|313|331|332|335|351|357|369|385|391|396|404|409|416|418|419|426|431|436|437|440|442|453|457|458|459|464|465|468|469|471|472|475|476|480|481|482|484|486|487|488|489|490|491|498|499|505|509|510|519|521|522|527|560|570|574|595|596|615|616|617|618|621|624|639|653|655|656|657|666|668|672|692|693|701|703|704|705|715|729|745|748|754|767|768|779|780|782|783|790|792|797|805|811|815|817|819|821|822|838|850|852|855|863|866|873|876|879|880|895|897|903|906|908|909|920|921|922|923|925|927|928|929|930|935|939|948|949|951|954|956|960|961|963|967|970|976|978|985|990|994|995|996|997|998|999|1000|1003|1004|1007|1009|1010|1020|1021|1037|1038|1043|1044|1045|1047|1051|1054|1055|1056|1057|1058|1060|1062|1063|1064|1069|1072|1073|1074|1075|1076|1077|1084|1085|1086|1087|1088|1089|1091|1092|1093|1095|1096|1097|1098|1099|1100|1101|1102|1103|1104|1105|1107|1108|1109|1110|1111|1114|1115|1117|1118|1120|1122|1128|1130|1136|1137|1145|1148|1151|1155|1160|1161|1165|1167|1168|1171|1180|1189|1194|1197|1198|1201|1202|1203|1204|1207|1208|1213|1220|1221|1222|1225|1226|1228|1229|1232|1235|1236|1239|1243|1245|1248|1249|1258|1261|1271|1283|1292|1296|1297|1298|1302|1303|1313|1316|1317|1322|1323|1328|1329|1330|1331|1332|1342|1345|1346|1352|1356|1361|1364|1366|1367|1368|1371|1372|1375|1376|1379|1381|1382|1383|1387|1388|1389|1396|1407|1421|1426|1427|1428|1429|1433|1435|1439|1442|1445|1446|1457|1461|1474|1481|1487|1491|1493|1494|1498|1499|1504|1505|1506|1508|1509|1514|1515|1518|1522|1526|1529|1531|1532|1536|1537|1542|1548|1557|1558|1559|1562|1564|1571|1572|1573|1584|1585|1586|1592|1596|1611|1614|1619|1620|1628|1629|1630|1633|1641|1642|1645|1649|1654|1655|1662|1663|1664|1670|1671|1674|1675|1678|1682|1686|1687|1690|1691|1692|1694|1716|1727|1728|1731|1742|1756|1760|1776|1780|1785|1812|1814|1828|1831|1834|1836"
"185","Activiti/Activiti","3","2","0.33333334","6","0","197","https://github.com/Activiti/Activiti/issues/3787","3787|3788|3799"
"38589","mlflow/mlflow","33","8","0.03787879","41","151","455","https://github.com/mlflow/mlflow/issues/3465","3465|2186|2700|3085|1423|3858|2724|3494|3501|4529|3513|2878|1598|3392|2367|2124|2770|3542|3544|3416|3418|2136|2908|3549|2142|4312|3047|3048|3817|3050|3055|3568|2170"
"16829","casesandberg/react-color","6","4","0.16666667","21","26","80","https://github.com/casesandberg/react-color/issues/33","33|38|84|23|26|27"
"22463","duo-labs/cloudmapper","3","2","0.33333334","1","5","90","https://github.com/duo-labs/cloudmapper/issues/260","260|237|231"
"1985","Activiti/Activiti","4","3","0.25","7","3","197","https://github.com/Activiti/Activiti/issues/1481","1481|1482|1500|1477"
"11717","apache/dubbo","5","3","0.3","15","17","402","https://github.com/apache/dubbo/issues/4802","4802|5509|5207|5336|4793"
"8649","apache/dubbo","1293","33","9.5058174E-4","582","3528","402","https://github.com/apache/dubbo/issues/1","1|2|3|4|5|6|7|8|9|10|8220|41|59|61|74|109|8323|146|173|195|208|221|247|257|8451|267|274|280|291|320|8521|8523|362|363|390|396|459|538|560|616|619|685|693|714|732|746|755|780|797|808|865|866|874|889|895|900|936|977|983|1009|9257|1089|1094|1155|1256|1289|1293|1297|1306|9509|1364|9558|1376|1433|1442|1449|1456|1466|1485|1492|1497|1524|1641|1652|1654|1665|1722|1752|1755|1763|1770|1820|1829|1834|1837|1841|1843|10083|1896|10092|1903|1917|1932|1967|1975|1990|1998|2013|2029|2030|2033|2045|2049|2063|2069|2085|2088|2092|2104|2114|2117|2118|2119|2126|2131|2160|2178|2187|2194|2199|2203|2208|2210|2213|2220|2235|2251|2256|2297|2298|2301|2326|2334|2350|2357|2372|2423|2435|2436|2457|2459|2468|2476|2477|2491|2511|2519|2522|2525|2535|2538|2539|2545|2560|2563|2564|2565|2577|2600|2602|2603|2604|2619|2620|2621|2624|2626|2631|2649|2655|2656|2657|2663|2665|2672|2675|2676|2687|2711|2721|2725|2734|2744|2764|2766|2779|2787|2795|2801|2809|2827|2828|2842|2843|2854|2855|2856|2864|2884|2893|2905|2921|2923|2925|2935|2952|2956|2959|2963|2967|2977|2981|2984|2991|2992|2993|2994|2995|2996|2997|2998|2999|3000|3001|3002|3003|3004|3015|3016|3017|3021|3025|3026|3027|3029|3038|3039|3043|3065|3069|3070|3073|3075|3076|3080|3086|3087|3090|3093|3094|3095|3096|3098|3099|3100|3101|3103|3104|3105|3106|3107|3108|3109|3110|3111|3112|3113|3115|3118|3119|3120|3121|3122|3123|3124|3127|3128|3129|3133|3135|3137|3138|3140|3141|3143|3146|3151|3152|3153|3156|3157|3158|3159|3161|3162|3163|3166|3167|3169|3170|3171|3173|3174|3177|3179|3180|3181|3182|3183|3184|3185|3186|3189|3192|3193|3194|3196|3197|3199|3202|3205|3207|3210|3211|3213|3217|3218|3222|3224|3225|3226|3227|3229|3230|3231|3232|3233|3234|3235|3236|3237|3239|3240|3241|3242|3243|3244|3246|3247|3249|3252|3254|3255|3257|3263|3264|3266|3270|3271|3274|3275|3276|3278|3280|3281|3282|3284|3285|3287|3288|3289|3291|3293|3294|3295|3297|3299|3300|3301|3302|3303|3304|3307|3309|3311|3312|3315|3316|3317|3318|3322|3323|3326|3327|3328|3331|3333|3336|3337|3339|3340|3341|3342|3345|3346|3348|3349|3350|3351|3353|3354|3360|3361|3362|3363|3364|3365|3366|3367|3370|3374|3375|3376|3377|3378|3380|3382|3383|3386|3387|3389|3390|3393|3396|3397|3398|3399|3402|3403|3404|3407|3408|3410|3412|3414|3415|3418|3419|3420|3421|3423|3424|3425|3426|3427|3429|3430|3431|3435|3437|3439|3440|3441|3444|3445|3446|3447|3448|3449|3451|3453|3455|3456|3460|3463|3466|3467|3470|3471|3473|3474|3476|3477|3478|3479|3480|3483|3484|3485|3487|3490|3491|3494|3495|3496|3497|3500|3502|3505|3506|3507|3508|3511|3513|3514|3515|3516|3518|3519|3520|3523|3524|3525|3526|3527|3528|3530|3532|3533|3536|3537|3541|3542|3544|3547|3548|3549|3550|3551|3556|3557|3559|3563|3565|3566|3567|3568|3569|3570|3572|3573|3574|3576|3577|3578|3579|3581|3582|3583|3584|3589|3590|3593|3597|3598|3600|3602|3603|3605|3606|3607|3608|3609|3614|3615|3620|3621|3622|3625|3626|3628|3632|3633|3634|3636|3637|3638|3639|3640|3642|3643|3644|3645|3646|3647|3650|3653|3654|3655|3656|3657|3658|3660|3661|3662|3663|3664|3666|3668|3669|3670|3671|3672|3673|3675|3678|3679|3680|3681|3682|3684|3685|3688|3690|3692|3693|3696|3698|3703|3704|3706|3707|3708|3713|3714|3716|3717|3718|3720|3721|3722|3723|3724|3727|3728|3730|3731|3734|3735|3737|3738|3741|3742|3743|3744|3746|3747|3748|3750|3756|3758|3762|3763|3764|3767|3768|3770|3771|3773|3775|3778|3779|3782|3783|3784|3785|3786|3790|3791|3792|3795|3797|3799|3802|3803|3804|3806|3807|3808|3809|3810|3811|3812|3816|3817|3818|3820|3821|3822|3823|3824|3825|3828|3829|3834|3836|3839|3840|3841|3843|3844|3845|3846|3847|3850|3853|3854|3857|3862|3863|3865|3866|3867|3869|3872|3874|3880|3882|3885|3886|3890|3893|3902|3906|3918|3920|3921|3923|3926|3927|3930|3931|3933|3935|3937|3940|3941|3943|3948|3951|3952|3953|3957|3958|3959|3960|3961|3963|3965|3966|3967|3968|3969|3970|3971|3975|3976|3977|3978|3980|3981|3987|3988|3989|3991|3993|3996|3997|4006|4007|4010|4011|4013|4014|4015|4017|4019|4020|4021|4022|4023|4024|4025|4026|4027|4029|4030|4031|4035|4038|4040|4045|4049|4052|4053|4056|4057|4058|4059|4060|4064|4065|4067|4068|4069|4071|4072|4075|4077|4078|4079|4081|4083|4085|4087|4088|4092|4095|4096|4098|4099|4100|4101|4106|4107|4108|4109|4110|4111|4112|4114|4116|4125|4126|4127|4129|4130|4131|4132|4134|4135|4137|4138|4144|4147|4148|4149|4150|4152|4154|4155|4157|4158|4159|4161|4162|4164|4165|4170|4171|4172|4175|4178|4179|4180|4181|4183|4185|4186|4187|4189|4190|4201|4202|4204|4205|4208|4213|4214|4215|4218|4219|4220|4221|4222|4226|4227|4228|4231|4233|4234|4236|4240|4242|4244|4245|4246|4247|4254|4255|4257|4259|4260|4263|4266|4276|4277|4279|4293|4294|4299|4300|4306|4308|4313|4318|4319|4325|4328|4329|4330|4334|4335|4336|4337|4338|4339|4343|4344|4346|4347|4348|4349|4354|4357|4358|4359|4360|4368|4370|4372|4374|4375|4376|4377|4378|4379|4380|4381|4384|4385|4386|4387|4388|4392|4394|4395|4396|4398|4400|4401|4402|4403|4406|4407|4408|4409|4411|4413|4415|4416|4417|4419|4424|4425|4426|4430|4434|4435|4436|4438|4439|4441|4443|4447|4448|4453|4454|4455|4458|4461|4464|4465|4467|4469|4470|4471|4473|4476|4477|4479|4480|4483|4485|4488|4490|4491|4492|4495|4497|4498|4499|4500|4501|4502|4503|4504|4505|4508|4509|4510|4511|4513|4514|4515|4517|4521|4522|4523|4529|4530|4534|4535|4536|4537|4538|4539|4551|4552|4558|4559|4560|4561|4563|4565|4566|4567|4568|4569|4570|4571|4574|4575|4577|4579|4580|4582|4583|4584|4585|4586|4587|4588|4589|4590|4591|4598|4599|4602|4605|4607|4611|4612|4613|4614|4619|4623|4624|4628|4629|4632|4634|4635|4636|4638|4644|4645|4647|4648|4649|4652|4655|4657|4663|4667|4670|4672|4673|4674|4680|4721|4735|4742|4754|4805|4816|4826|4836|4861|4862|4867|4894|4931|4933|4975|5031|5033|5082|5083|5104|5105|5181|5184|5189|5237|5238|5257|5281|5298|5303|5304|5379|5396|5399|5490|5552|5557|5566|5572|5575|5578|5616|5619|5623|5633|5638|5639|5640|5641|5654|5657|5667|5669|5671|5678|5682|5684|5686|5692|5694|5695|5703|5710|5731|5755|5787|5790|5801|5803|5813|5814|5818|5819|5823|5848|5856|5943|5961|5966|5967|5968|5976|5985|5987|6000|6001|6018|6022|6023|6029|6030|6035|6036|6039|6067|6079|6090|6091|6092|6102|6108|6110|6132|6139|6140|6149|6166|6223|6320|6327|6343|6377|6401|6444|6474|6479|6490|6523|6529|6532|6543|6550|6551|6555|6561|6566|6568|6571|6576|6594|6597|6604|6621|6628|6650|6667|6669|6675|6676|6684|6698|6706|6708|6709|6722|6728|6741|6777|6778|6779|6780|6784|6785|6786|6790|6791|6793|6800|6801|6805|6807|6842|6854|6878|7003|7053|7075|7116|7124|7365|7375|7376|7377|7383|7402|7403|7405|7412|7413|7414|7497|7598|7868"
"37322","MithrilJS/mithril.js","2","1","0.5","6","34","245","https://github.com/MithrilJS/mithril.js/issues/104","104|98"
"51151","redis/redis-rb","22","2","0.04978355","14","41","173","https://github.com/redis/redis-rb/issues/1024","1024|1028|1031|1032|1033|1034|1035|1036|1040|1042|1044|1046|1048|1053|1070|1080|976|978|979|982|995|1018"
"44240","Project-OSRM/osrm-backend","4","3","0.25","6","11","136","https://github.com/Project-OSRM/osrm-backend/issues/3320","3320|2066|2400|2981"
"55505","summernote/summernote","14","6","0.082417585","28","78","292","https://github.com/summernote/summernote/issues/4122","4122|4294|4200|4296|4299|4205|4206|4177|3537|4308|4152|3545|4282|4287"
"55506","summernote/summernote","367","32","0.003260821","634","1893","292","https://github.com/summernote/summernote/issues/4098","4098|4125|45|55|61|64|66|69|2118|72|76|77|78|102|4218|2173|125|2180|133|2182|143|2197|156|2216|2217|2218|2228|181|185|186|4286|2240|2248|2249|202|4306|4307|212|226|2277|231|2290|243|2291|2299|278|2329|282|292|293|295|303|313|316|320|2380|2381|2386|2397|353|354|2404|2407|2408|2409|2413|2421|2423|377|379|2428|2431|2438|2439|2443|2448|401|405|416|417|419|423|428|2482|435|436|446|466|472|475|477|478|481|482|483|485|487|489|523|2577|533|537|539|558|583|587|588|594|596|2648|609|627|637|638|648|655|662|669|675|677|680|685|687|690|691|693|699|706|708|709|710|718|719|720|722|723|726|733|739|745|750|754|756|757|758|764|776|783|785|794|2848|2849|821|822|824|845|2898|858|861|863|866|2922|2933|890|898|899|905|909|918|920|923|938|948|951|3000|957|959|3008|965|966|3014|3016|972|975|977|992|3048|1003|1005|3055|1012|1018|1019|1020|1021|3070|1023|1024|1026|1028|1029|3079|1033|1035|1036|1037|1038|1039|3083|1041|1044|1045|1046|1048|1050|1051|1052|1053|1056|1057|1058|1062|1066|1067|1070|1072|1073|1086|1090|1091|1092|1095|1097|1106|1107|1108|1109|1111|1112|1114|1115|1117|1121|3171|1125|1128|1131|1132|1134|1137|1139|3188|1140|1143|1146|1152|1154|1155|1157|1160|1163|1168|1169|1171|1172|1175|1176|1179|1192|1194|1195|1196|1197|1199|1202|1203|1205|1206|1223|1230|1235|3314|1267|1274|1275|1278|1284|1289|1292|1297|1305|1309|1310|1321|1322|1326|1345|1361|1372|3422|1374|1382|1392|3441|1395|1398|1402|1408|1452|1454|1462|1470|1471|1472|1473|1484|1487|1492|1493|1494|1496|1497|1517|1536|1538|1541|1611|1619|3673|1627|1629|1640|1644|1645|3719|1676|1677|1715|1719|1723|1729|1730|3782|1750|1751|1762|1763|1780|1781|1814|1824|1827|1854|1857|3907|3913|1871|1882|3934|3985|1979|4035|4042|2003|2005|2022|2045"
"52948","roboguice/roboguice","19","6","0.07017544","5","69","17","https://github.com/roboguice/roboguice/issues/147","147|24|158|33|37|172|174|176|179|181|182|183|320|192|200|206|211|111|250"
"33748","metafizzy/flickity","49","9","0.022534013","261","523","17","https://github.com/metafizzy/flickity/issues/386","386|138|1177|540|1182|1184|801|679|41|937|1196|813|685|560|1202|51|443|959|67|196|1223|587|849|81|723|724|725|209|343|727|728|92|221|992|97|740|997|998|363|494|1135|368|1009|370|246|122|123|252|127"
"4821","ag-grid/ag-grid","2","1","0.5","35","62","107","https://github.com/ag-grid/ag-grid/issues/3680","3680|3734"
"38359","mlflow/mlflow","37","10","0.03003003","33","74","455","https://github.com/mlflow/mlflow/issues/3841","3841|3844|3845|1286|3851|3600|3859|3860|3861|3862|4119|3867|3869|4133|3752|4138|3890|3768|1223|3790|1238|4824|3419|1117|3678|865|3682|1253|1127|3815|3820|3822|3838|3825|3828|3574|3582"
"25818","John-Lluch/SWRevealViewController","2","1","0.5","3","51","11","https://github.com/John-Lluch/SWRevealViewController/issues/524","524|551"
"36060","MithrilJS/mithril.js","4","2","0.25","1","2","245","https://github.com/MithrilJS/mithril.js/issues/2234","2234|2235|2236|2237"
"62946","TypeStrong/ts-node","6","2","0.16666667","56","112","98","https://github.com/TypeStrong/ts-node/issues/554","554|46|148|188|221|671"
"24806","iron/iron","11","5","0.1","4","50","132","https://github.com/iron/iron/issues/263","263|265|266|239|272|273|275|245|278|186|287"
"8679","apache/dubbo","8","4","0.125","9","11","402","https://github.com/apache/dubbo/issues/10016","10016|10017|9829|10044|9831|10010|10012|10047"
"34535","metafizzy/flickity","3","2","0.33333334","57","72","17","https://github.com/metafizzy/flickity/issues/56","56|28|213"
"57577","summernote/summernote","6","5","0.16666667","4","9","292","https://github.com/summernote/summernote/issues/1605","1605|294|1609|1595|1596|1597"
"35306","mgonto/restangular","7","3","0.14285715","7","12","114","https://github.com/mgonto/restangular/issues/610","610|643|613|650|654|632|668"
"26611","jonschlinkert/remarkable","4","2","0.25","3","64","38","https://github.com/jonschlinkert/remarkable/issues/25","25|26|11|12"
"16885","cglib/cglib","3","2","0.33333334","1","0","19","https://github.com/cglib/cglib/issues/162","162|204|180"
"4854","ag-grid/ag-grid","2","1","0.5","24","37","107","https://github.com/ag-grid/ag-grid/issues/3160","3160|3701"
"35835","MithrilJS/mithril.js","14","4","0.07692308","9","31","245","https://github.com/MithrilJS/mithril.js/issues/2784","2784|2785|2786|2790|2793|2762|2763|2764|2776|2746|2779|2780|2781|2782"
